target,Municipio,Ano,latitude,longitude,altitude,precipitacao (mm),temperatura minima (ºC),temperatura maxima (ºC),Mesorregião
5250.0,Abre Campo - MG,2019,-20.273473,-42.442642,897,96.21666550636292,14.0,27.0,Zona Da Mata
5550.0,Abre Campo - MG,2020,-20.273473,-42.442642,897,137.79999963442484,13.75,26.333333333333332,Zona Da Mata
4800.0,Abre Campo - MG,2021,-20.273473,-42.442642,897,118.75000021855037,13.25,26.166666666666668,Zona Da Mata
4920.0,Abre Campo - MG,2022,-20.273473,-42.442642,897,126.71666864554088,13.416666666666666,26.0,Zona Da Mata
7380.0,Abre Campo - MG,2023,-20.273473,-42.442642,897,81.3000009059906,14.25,26.75,Zona Da Mata
20208.0,Alfenas - MG,2019,-21.388698,-45.96604,830,109.09166725476582,14.833333333333334,27.916666666666668,Sul/Sudoeste De Minas
21750.0,Alfenas - MG,2020,-21.388698,-45.96604,830,117.58333365122478,14.5,27.666666666666668,Sul/Sudoeste De Minas
13399.0,Alfenas - MG,2021,-21.388698,-45.96604,830,101.19999965031941,14.083333333333334,27.5,Sul/Sudoeste De Minas
9170.0,Alfenas - MG,2022,-21.388698,-45.96604,830,120.33333241939545,14.333333333333334,27.333333333333332,Sul/Sudoeste De Minas
22190.0,Alfenas - MG,2023,-21.388698,-45.96604,830,117.40833369890849,15.166666666666666,28.083333333333332,Sul/Sudoeste De Minas
10706.0,Alpinópolis - MG,2019,-20.859726,-46.376291,911,104.79166642824809,15.0,27.416666666666668,Sul/Sudoeste De Minas
14350.0,Alpinópolis - MG,2020,-20.859726,-46.376291,911,121.47500034173329,14.583333333333334,27.083333333333332,Sul/Sudoeste De Minas
8823.0,Alpinópolis - MG,2021,-20.859726,-46.376291,911,100.34166534741719,14.166666666666666,26.833333333333332,Sul/Sudoeste De Minas
8162.0,Alpinópolis - MG,2022,-20.859726,-46.376291,911,123.57500054438908,14.25,26.666666666666668,Sul/Sudoeste De Minas
10080.0,Alpinópolis - MG,2023,-20.859726,-46.376291,911,117.83333245913188,15.25,27.583333333333332,Sul/Sudoeste De Minas
6878.0,Alterosa - MG,2019,-21.225254,-46.153194,847,108.59166582425435,14.666666666666666,27.583333333333332,Sul/Sudoeste De Minas
8425.0,Alterosa - MG,2020,-21.225254,-46.153194,847,118.74166468779246,14.333333333333334,27.5,Sul/Sudoeste De Minas
4212.0,Alterosa - MG,2021,-21.225254,-46.153194,847,99.09166626135509,13.916666666666666,27.25,Sul/Sudoeste De Minas
4126.0,Alterosa - MG,2022,-21.225254,-46.153194,847,121.19166759649913,14.166666666666666,27.166666666666668,Sul/Sudoeste De Minas
5092.0,Alterosa - MG,2023,-21.225254,-46.153194,847,117.94166580835979,14.916666666666666,27.833333333333332,Sul/Sudoeste De Minas
3828.0,Alto Caparaó - MG,2019,-20.45877,-41.864698,1057,104.80833371480306,10.5,23.166666666666668,Zona Da Mata
6144.0,Alto Caparaó - MG,2020,-20.45877,-41.864698,1057,146.19999821980795,10.166666666666666,22.5,Zona Da Mata
2430.0,Alto Caparaó - MG,2021,-20.45877,-41.864698,1057,127.05833391348521,9.75,22.416666666666668,Zona Da Mata
3750.0,Alto Caparaó - MG,2022,-20.45877,-41.864698,1057,130.16666646798453,10.083333333333334,22.5,Zona Da Mata
3300.0,Alto Caparaó - MG,2023,-20.45877,-41.864698,1057,84.37500035762787,10.916666666666666,23.083333333333332,Zona Da Mata
11502.0,Andradas - MG,2019,-22.07587,-46.55471,934,111.21666757265727,14.666666666666666,26.833333333333332,Sul/Sudoeste De Minas
17976.0,Andradas - MG,2020,-22.07587,-46.55471,934,108.60833342870076,14.083333333333334,26.5,Sul/Sudoeste De Minas
4788.0,Andradas - MG,2021,-22.07587,-46.55471,934,93.24999856948853,13.75,26.25,Sul/Sudoeste De Minas
7056.0,Andradas - MG,2022,-22.07587,-46.55471,934,117.43333222468694,14.0,26.0,Sul/Sudoeste De Minas
6588.0,Andradas - MG,2023,-22.07587,-46.55471,934,124.10000054041545,14.916666666666666,26.75,Sul/Sudoeste De Minas
5000.0,Angelândia - MG,2019,-17.703061,-42.282965,895,62.58333311478297,14.833333333333334,27.833333333333332,Jequitinhonha
6315.0,Angelândia - MG,2020,-17.703061,-42.282965,895,106.1583347717921,14.833333333333334,27.083333333333332,Jequitinhonha
5047.0,Angelândia - MG,2021,-17.703061,-42.282965,895,99.36666649580002,14.416666666666666,26.833333333333332,Jequitinhonha
6801.0,Angelândia - MG,2022,-17.703061,-42.282965,895,102.67500030994415,14.25,26.916666666666668,Jequitinhonha
8215.0,Angelândia - MG,2023,-17.703061,-42.282965,895,75.61666552225749,15.0,27.583333333333332,Jequitinhonha
18502.0,Araguari - MG,2019,-18.57704,-48.222092,927,101.63333322604497,16.666666666666668,28.916666666666668,Triângulo Mineiro/Alto Paranaíba
22433.0,Araguari - MG,2020,-18.57704,-48.222092,927,122.25000032782555,16.333333333333332,28.583333333333332,Triângulo Mineiro/Alto Paranaíba
21874.0,Araguari - MG,2021,-18.57704,-48.222092,927,122.7999985019366,16.0,28.416666666666668,Triângulo Mineiro/Alto Paranaíba
24278.0,Araguari - MG,2022,-18.57704,-48.222092,927,134.31666779518127,15.75,28.0,Triângulo Mineiro/Alto Paranaíba
43365.0,Araguari - MG,2023,-18.57704,-48.222092,927,126.77499898274739,16.583333333333332,28.833333333333332,Triângulo Mineiro/Alto Paranaíba
4302.0,Araponga - MG,2019,-20.662914,-42.498992,1218,103.02499930063884,12.0,25.083333333333332,Zona Da Mata
8784.0,Araponga - MG,2020,-20.662914,-42.498992,1218,147.11666703224182,11.666666666666666,24.416666666666668,Zona Da Mata
5496.0,Araponga - MG,2021,-20.662914,-42.498992,1218,123.05000201861064,11.333333333333334,24.083333333333332,Zona Da Mata
6086.0,Araponga - MG,2022,-20.662914,-42.498992,1218,132.36666504542032,11.5,24.083333333333332,Zona Da Mata
6150.0,Araponga - MG,2023,-20.662914,-42.498992,1218,85.96666685740153,12.416666666666666,24.833333333333332,Zona Da Mata
5274.0,Araxá - MG,2019,-19.636342,-46.972176,1025,105.20833170413971,15.583333333333334,26.75,Triângulo Mineiro/Alto Paranaíba
6076.0,Araxá - MG,2020,-19.636342,-46.972176,1025,133.21666597326598,15.166666666666666,26.666666666666668,Triângulo Mineiro/Alto Paranaíba
4254.0,Araxá - MG,2021,-19.636342,-46.972176,1025,111.93333274126053,14.75,26.5,Triângulo Mineiro/Alto Paranaíba
3668.0,Araxá - MG,2022,-19.636342,-46.972176,1025,143.11666576067606,14.916666666666666,26.083333333333332,Triângulo Mineiro/Alto Paranaíba
6067.0,Araxá - MG,2023,-19.636342,-46.972176,1025,127.81666624546051,15.5,26.916666666666668,Triângulo Mineiro/Alto Paranaíba
5356.0,Areado - MG,2019,-21.355848,-46.142393,815,109.29999955495198,14.833333333333334,27.75,Sul/Sudoeste De Minas
5174.0,Areado - MG,2020,-21.355848,-46.142393,815,116.2333334883054,14.5,27.583333333333332,Sul/Sudoeste De Minas
3000.0,Areado - MG,2021,-21.355848,-46.142393,815,98.65833342075348,14.083333333333334,27.333333333333332,Sul/Sudoeste De Minas
2360.0,Areado - MG,2022,-21.355848,-46.142393,815,120.44999911387761,14.333333333333334,27.333333333333332,Sul/Sudoeste De Minas
4627.0,Areado - MG,2023,-21.355848,-46.142393,815,118.5166670481364,15.083333333333334,28.083333333333332,Sul/Sudoeste De Minas
3780.0,Bambuí - MG,2019,-20.110974,-45.998882,793,97.88333173592885,14.75,28.5,Oeste De Minas
6152.0,Bambuí - MG,2020,-20.110974,-45.998882,793,124.72500163316727,14.25,28.25,Oeste De Minas
4481.0,Bambuí - MG,2021,-20.110974,-45.998882,793,102.54166783889134,13.916666666666666,27.916666666666668,Oeste De Minas
4725.0,Bambuí - MG,2022,-20.110974,-45.998882,793,126.24999928474426,14.0,28.083333333333332,Oeste De Minas
4575.0,Bambuí - MG,2023,-20.110974,-45.998882,793,110.55833021799724,14.833333333333334,28.583333333333332,Oeste De Minas
21120.0,Boa Esperança - MG,2019,-21.048396,-45.621467,872,104.79166809717815,14.5,27.833333333333332,Sul/Sudoeste De Minas
32393.0,Boa Esperança - MG,2020,-21.048396,-45.621467,872,126.97499998410542,13.916666666666666,27.583333333333332,Sul/Sudoeste De Minas
21209.0,Boa Esperança - MG,2021,-21.048396,-45.621467,872,107.60000093777974,13.666666666666666,27.416666666666668,Sul/Sudoeste De Minas
13928.0,Boa Esperança - MG,2022,-21.048396,-45.621467,872,122.85833668708801,13.666666666666666,27.25,Sul/Sudoeste De Minas
13608.0,Boa Esperança - MG,2023,-21.048396,-45.621467,872,113.21666693687439,14.75,28.083333333333332,Sul/Sudoeste De Minas
6782.0,Bom Jesus da Penha - MG,2019,-21.013714,-46.529271,1001,106.63333320617676,14.166666666666666,26.583333333333332,Sul/Sudoeste De Minas
7138.0,Bom Jesus da Penha - MG,2020,-21.013714,-46.529271,1001,116.45000050465266,13.666666666666666,26.333333333333332,Sul/Sudoeste De Minas
4277.0,Bom Jesus da Penha - MG,2021,-21.013714,-46.529271,1001,97.6749995748202,13.333333333333334,26.083333333333332,Sul/Sudoeste De Minas
3170.0,Bom Jesus da Penha - MG,2022,-21.013714,-46.529271,1001,122.23333207766215,13.583333333333334,26.083333333333332,Sul/Sudoeste De Minas
2640.0,Bom Jesus da Penha - MG,2023,-21.013714,-46.529271,1001,119.87499916553497,14.333333333333334,26.75,Sul/Sudoeste De Minas
4425.0,Bom Sucesso - MG,2019,-21.026421,-44.783983,881,122.70000004768372,14.833333333333334,27.333333333333332,Oeste De Minas
5943.0,Bom Sucesso - MG,2020,-21.026421,-44.783983,881,163.04166905085245,14.083333333333334,26.916666666666668,Oeste De Minas
3912.0,Bom Sucesso - MG,2021,-21.026421,-44.783983,881,139.52500170469284,13.833333333333334,26.416666666666668,Oeste De Minas
4234.0,Bom Sucesso - MG,2022,-21.026421,-44.783983,881,153.79166501760483,13.916666666666666,26.75,Oeste De Minas
5025.0,Bom Sucesso - MG,2023,-21.026421,-44.783983,881,127.25833352406819,14.916666666666666,27.416666666666668,Oeste De Minas
11520.0,Botelhos - MG,2019,-21.636657,-46.419257,975,111.04166682561238,14.666666666666666,27.166666666666668,Sul/Sudoeste De Minas
12692.0,Botelhos - MG,2020,-21.636657,-46.419257,975,110.45000048478444,14.166666666666666,27.083333333333332,Sul/Sudoeste De Minas
8883.0,Botelhos - MG,2021,-21.636657,-46.419257,975,95.69999972979228,13.833333333333334,26.5,Sul/Sudoeste De Minas
6291.0,Botelhos - MG,2022,-21.636657,-46.419257,975,119.90000182390213,14.0,26.5,Sul/Sudoeste De Minas
8203.0,Botelhos - MG,2023,-21.636657,-46.419257,975,122.82499837875366,14.75,27.5,Sul/Sudoeste De Minas
3120.0,Bueno Brandão - MG,2019,-22.486163,-46.355516,1234,110.55833427111308,12.25,24.333333333333332,Sul/Sudoeste De Minas
3600.0,Bueno Brandão - MG,2020,-22.486163,-46.355516,1234,108.15000110864639,12.0,24.166666666666668,Sul/Sudoeste De Minas
2520.0,Bueno Brandão - MG,2021,-22.486163,-46.355516,1234,92.86666675408681,11.583333333333334,23.75,Sul/Sudoeste De Minas
2938.0,Bueno Brandão - MG,2022,-22.486163,-46.355516,1234,114.1083350578944,11.75,23.5,Sul/Sudoeste De Minas
2815.0,Bueno Brandão - MG,2023,-22.486163,-46.355516,1234,122.29166666666667,12.5,24.416666666666668,Sul/Sudoeste De Minas
2477.0,Buritizeiro - MG,2019,-17.285924,-45.191762,714,69.73333417375882,16.333333333333332,30.666666666666668,Norte De Minas
4356.0,Buritizeiro - MG,2020,-17.285924,-45.191762,714,101.68333206574123,16.0,30.0,Norte De Minas
3510.0,Buritizeiro - MG,2021,-17.285924,-45.191762,714,98.52500023444493,15.583333333333334,30.0,Norte De Minas
3510.0,Buritizeiro - MG,2022,-17.285924,-45.191762,714,92.13333383202553,15.833333333333334,30.166666666666668,Norte De Minas
3510.0,Buritizeiro - MG,2023,-17.285924,-45.191762,714,79.07500075300534,16.416666666666668,30.666666666666668,Norte De Minas
16818.0,Cabo Verde - MG,2019,-21.481756,-46.391581,865,108.91666686534882,14.833333333333334,27.166666666666668,Sul/Sudoeste De Minas
18991.0,Cabo Verde - MG,2020,-21.481756,-46.391581,865,111.15833328167598,14.25,27.0,Sul/Sudoeste De Minas
11154.0,Cabo Verde - MG,2021,-21.481756,-46.391581,865,95.04166662693024,13.833333333333334,26.5,Sul/Sudoeste De Minas
11961.0,Cabo Verde - MG,2022,-21.481756,-46.391581,865,118.90833409627278,14.083333333333334,26.5,Sul/Sudoeste De Minas
11299.0,Cabo Verde - MG,2023,-21.481756,-46.391581,865,120.14166855812073,15.0,27.5,Sul/Sudoeste De Minas
4331.0,Caiana - MG,2019,-20.72509,-41.90908,878,95.62499936421712,13.5,27.083333333333332,Zona Da Mata
6015.0,Caiana - MG,2020,-20.72509,-41.90908,878,131.63333368301392,13.166666666666666,26.416666666666668,Zona Da Mata
3330.0,Caiana - MG,2021,-20.72509,-41.90908,878,112.84166622161865,12.916666666666666,26.0,Zona Da Mata
3330.0,Caiana - MG,2022,-20.72509,-41.90908,878,117.15832988421123,13.083333333333334,26.25,Zona Da Mata
3780.0,Caiana - MG,2023,-20.72509,-41.90908,878,74.77500057220459,14.0,26.833333333333332,Zona Da Mata
1875.0,Camacho - MG,2019,-20.641232,-45.132407,987,105.15000009536743,14.083333333333334,26.916666666666668,Oeste De Minas
2940.0,Camacho - MG,2020,-20.641232,-45.132407,987,136.42500038941702,13.5,26.416666666666668,Oeste De Minas
3180.0,Camacho - MG,2021,-20.641232,-45.132407,987,118.12499823172887,13.333333333333334,26.25,Oeste De Minas
3133.0,Camacho - MG,2022,-20.641232,-45.132407,987,134.76666750510535,13.25,26.25,Oeste De Minas
4318.0,Camacho - MG,2023,-20.641232,-45.132407,987,114.98333239555359,14.25,26.916666666666668,Oeste De Minas
4623.0,Cambuquira - MG,2019,-21.85897,-45.261495,959,118.11666591962178,13.666666666666666,27.5,Sul/Sudoeste De Minas
4954.0,Cambuquira - MG,2020,-21.85897,-45.261495,959,131.6749990383784,13.25,27.166666666666668,Sul/Sudoeste De Minas
3360.0,Cambuquira - MG,2021,-21.85897,-45.261495,959,109.73333263397217,12.916666666666666,26.666666666666668,Sul/Sudoeste De Minas
3102.0,Cambuquira - MG,2022,-21.85897,-45.261495,959,121.9666654864947,13.0,26.833333333333332,Sul/Sudoeste De Minas
4680.0,Cambuquira - MG,2023,-21.85897,-45.261495,959,115.35833311080933,13.916666666666666,27.583333333333332,Sul/Sudoeste De Minas
4782.0,Campanha - MG,2019,-21.844082,-45.408723,922,116.28333202997844,13.75,27.583333333333332,Sul/Sudoeste De Minas
7045.0,Campanha - MG,2020,-21.844082,-45.408723,922,125.74999793370564,13.333333333333334,27.333333333333332,Sul/Sudoeste De Minas
4025.0,Campanha - MG,2021,-21.844082,-45.408723,922,106.45833245913188,12.916666666666666,26.916666666666668,Sul/Sudoeste De Minas
3845.0,Campanha - MG,2022,-21.844082,-45.408723,922,120.0166654586792,13.083333333333334,26.916666666666668,Sul/Sudoeste De Minas
4029.0,Campanha - MG,2023,-21.844082,-45.408723,922,114.99999753634135,13.916666666666666,27.75,Sul/Sudoeste De Minas
18600.0,Campestre - MG,2019,-21.710235,-46.221616,1130,117.08333396911621,14.0,26.666666666666668,Sul/Sudoeste De Minas
22201.0,Campestre - MG,2020,-21.710235,-46.221616,1130,113.87499990065892,13.583333333333334,26.333333333333332,Sul/Sudoeste De Minas
12977.0,Campestre - MG,2021,-21.710235,-46.221616,1130,101.1916663646698,13.333333333333334,26.25,Sul/Sudoeste De Minas
11261.0,Campestre - MG,2022,-21.710235,-46.221616,1130,125.19999969005585,13.333333333333334,25.833333333333332,Sul/Sudoeste De Minas
14843.0,Campestre - MG,2023,-21.710235,-46.221616,1130,127.21666669845581,14.083333333333334,26.583333333333332,Sul/Sudoeste De Minas
3150.0,Campo Belo - MG,2019,-20.919537,-45.25571,838,104.03333369890849,14.75,27.916666666666668,Oeste De Minas
3600.0,Campo Belo - MG,2020,-20.919537,-45.25571,838,131.42499993244806,14.25,27.583333333333332,Oeste De Minas
3000.0,Campo Belo - MG,2021,-20.919537,-45.25571,838,113.96666715542476,14.0,27.416666666666668,Oeste De Minas
2700.0,Campo Belo - MG,2022,-20.919537,-45.25571,838,127.46666781107585,14.0,27.25,Oeste De Minas
3750.0,Campo Belo - MG,2023,-20.919537,-45.25571,838,112.84999950726827,14.833333333333334,28.083333333333332,Oeste De Minas
4743.0,Campo do Meio - MG,2019,-21.113581,-45.849568,784,104.65000136693318,14.75,28.0,Sul/Sudoeste De Minas
8400.0,Campo do Meio - MG,2020,-21.113581,-45.849568,784,123.11666731039683,14.416666666666666,27.833333333333332,Sul/Sudoeste De Minas
5184.0,Campo do Meio - MG,2021,-21.113581,-45.849568,784,103.25833237171173,14.083333333333334,27.416666666666668,Sul/Sudoeste De Minas
4569.0,Campo do Meio - MG,2022,-21.113581,-45.849568,784,120.58333480358124,14.333333333333334,27.333333333333332,Sul/Sudoeste De Minas
2535.0,Campo do Meio - MG,2023,-21.113581,-45.849568,784,113.65833218892415,15.083333333333334,28.25,Sul/Sudoeste De Minas
11245.0,Campos Altos - MG,2019,-19.604688,-46.197202,982,105.40000077088673,14.75,27.0,Triângulo Mineiro/Alto Paranaíba
19814.0,Campos Altos - MG,2020,-19.604688,-46.197202,982,138.0000001192093,14.166666666666666,26.666666666666668,Triângulo Mineiro/Alto Paranaíba
9996.0,Campos Altos - MG,2021,-19.604688,-46.197202,982,114.70833327372868,13.666666666666666,26.666666666666668,Triângulo Mineiro/Alto Paranaíba
15910.0,Campos Altos - MG,2022,-19.604688,-46.197202,982,141.699999888738,13.75,26.416666666666668,Triângulo Mineiro/Alto Paranaíba
13621.0,Campos Altos - MG,2023,-19.604688,-46.197202,982,122.96666725476582,14.666666666666666,27.083333333333332,Triângulo Mineiro/Alto Paranaíba
25589.0,Campos Gerais - MG,2019,-21.258929,-45.753466,878,106.95000044504802,14.5,27.916666666666668,Sul/Sudoeste De Minas
59275.0,Campos Gerais - MG,2020,-21.258929,-45.753466,878,124.8000021179517,14.166666666666666,27.583333333333332,Sul/Sudoeste De Minas
28206.0,Campos Gerais - MG,2021,-21.258929,-45.753466,878,105.53333242734273,13.666666666666666,27.416666666666668,Sul/Sudoeste De Minas
24987.0,Campos Gerais - MG,2022,-21.258929,-45.753466,878,121.36666738986969,14.0,27.416666666666668,Sul/Sudoeste De Minas
32698.0,Campos Gerais - MG,2023,-21.258929,-45.753466,878,115.7416656812032,14.916666666666666,28.166666666666668,Sul/Sudoeste De Minas
8973.0,Candeias - MG,2019,-20.748552,-45.279477,987,105.4666657447815,14.166666666666666,27.5,Oeste De Minas
11221.0,Candeias - MG,2020,-20.748552,-45.279477,987,133.7666643857956,13.583333333333334,27.083333333333332,Oeste De Minas
6541.0,Candeias - MG,2021,-20.748552,-45.279477,987,116.63333308696747,13.416666666666666,26.75,Oeste De Minas
5860.0,Candeias - MG,2022,-20.748552,-45.279477,987,131.57499833901724,13.583333333333334,26.5,Oeste De Minas
6707.0,Candeias - MG,2023,-20.748552,-45.279477,987,114.65833282470703,14.333333333333334,27.25,Oeste De Minas
6534.0,Caparaó - MG,2019,-20.52707,-41.949671,976,95.59166781107585,12.666666666666666,26.25,Zona Da Mata
9619.0,Caparaó - MG,2020,-20.52707,-41.949671,976,133.98333501815796,12.333333333333334,25.583333333333332,Zona Da Mata
4527.0,Caparaó - MG,2021,-20.52707,-41.949671,976,115.39166609446208,12.083333333333334,25.333333333333332,Zona Da Mata
6798.0,Caparaó - MG,2022,-20.52707,-41.949671,976,119.88333352406819,12.166666666666666,25.333333333333332,Zona Da Mata
6666.0,Caparaó - MG,2023,-20.52707,-41.949671,976,76.73333271344502,13.083333333333334,26.166666666666668,Zona Da Mata
6145.0,Capelinha - MG,2019,-17.692711,-42.491949,932,62.49166762828827,15.083333333333334,28.083333333333332,Jequitinhonha
9078.0,Capelinha - MG,2020,-17.692711,-42.491949,932,106.34999855359395,15.083333333333334,27.333333333333332,Jequitinhonha
9012.0,Capelinha - MG,2021,-17.692711,-42.491949,932,100.76666790246964,14.583333333333334,27.083333333333332,Jequitinhonha
9902.0,Capelinha - MG,2022,-17.692711,-42.491949,932,102.21666671832402,14.916666666666666,27.416666666666668,Jequitinhonha
9952.0,Capelinha - MG,2023,-17.692711,-42.491949,932,76.47500010331471,15.416666666666666,27.833333333333332,Jequitinhonha
9231.0,Capetinga - MG,2019,-20.657324,-47.032008,826,100.57500048478444,16.25,27.583333333333332,Sul/Sudoeste De Minas
12922.0,Capetinga - MG,2020,-20.657324,-47.032008,826,115.51666782299678,15.75,27.333333333333332,Sul/Sudoeste De Minas
9225.0,Capetinga - MG,2021,-20.657324,-47.032008,826,95.69166785478592,15.5,27.083333333333332,Sul/Sudoeste De Minas
6381.0,Capetinga - MG,2022,-20.657324,-47.032008,826,120.89166702826817,15.583333333333334,26.916666666666668,Sul/Sudoeste De Minas
8534.0,Capetinga - MG,2023,-20.657324,-47.032008,826,120.06666950384776,16.333333333333332,27.833333333333332,Sul/Sudoeste De Minas
3518.0,Capitólio - MG,2019,-20.612634,-46.144372,929,107.55000062783559,14.333333333333334,26.5,Sul/Sudoeste De Minas
3675.0,Capitólio - MG,2020,-20.612634,-46.144372,929,130.85000004371008,13.583333333333334,26.416666666666668,Sul/Sudoeste De Minas
2100.0,Capitólio - MG,2021,-20.612634,-46.144372,929,107.07499897480011,13.416666666666666,26.166666666666668,Sul/Sudoeste De Minas
1890.0,Capitólio - MG,2022,-20.612634,-46.144372,929,130.67499897877374,13.666666666666666,26.166666666666668,Sul/Sudoeste De Minas
2376.0,Capitólio - MG,2023,-20.612634,-46.144372,929,119.43333486715953,14.416666666666666,26.666666666666668,Sul/Sudoeste De Minas
5400.0,Caputira - MG,2019,-20.17656,-42.252282,671,91.03333433469136,14.916666666666666,28.0,Zona Da Mata
8586.0,Caputira - MG,2020,-20.17656,-42.252282,671,132.58333341280618,14.583333333333334,27.416666666666668,Zona Da Mata
6376.0,Caputira - MG,2021,-20.17656,-42.252282,671,114.85833370685577,14.0,27.166666666666668,Zona Da Mata
6509.0,Caputira - MG,2022,-20.17656,-42.252282,671,121.07499889532725,14.25,27.166666666666668,Zona Da Mata
6369.0,Caputira - MG,2023,-20.17656,-42.252282,671,77.29166563351949,14.916666666666666,27.833333333333332,Zona Da Mata
5040.0,Carangola - MG,2019,-20.702779,-42.087896,627,95.39166752497356,13.833333333333334,27.333333333333332,Zona Da Mata
6000.0,Carangola - MG,2020,-20.702779,-42.087896,627,133.7333333492279,13.416666666666666,26.833333333333332,Zona Da Mata
4182.0,Carangola - MG,2021,-20.702779,-42.087896,627,113.71666727463405,13.166666666666666,26.666666666666668,Zona Da Mata
4284.0,Carangola - MG,2022,-20.702779,-42.087896,627,119.66666841506958,13.25,26.583333333333332,Zona Da Mata
4817.0,Carangola - MG,2023,-20.702779,-42.087896,627,75.99166707197826,14.083333333333334,27.25,Zona Da Mata
9009.0,Caratinga - MG,2019,-19.712137,-42.1018,804,89.6249981323878,14.75,27.583333333333332,Vale Do Rio Doce
18452.0,Caratinga - MG,2020,-19.712137,-42.1018,804,132.48333366711935,14.583333333333334,26.75,Vale Do Rio Doce
8883.0,Caratinga - MG,2021,-19.712137,-42.1018,804,114.03333524862926,13.833333333333334,26.5,Vale Do Rio Doce
14645.0,Caratinga - MG,2022,-19.712137,-42.1018,804,119.90833151340485,14.25,26.416666666666668,Vale Do Rio Doce
13800.0,Caratinga - MG,2023,-19.712137,-42.1018,804,78.50000127156575,15.166666666666666,26.916666666666668,Vale Do Rio Doce
17026.0,Carmo da Cachoeira - MG,2019,-21.453987,-45.19638,888,108.62499785423279,14.333333333333334,27.416666666666668,Sul/Sudoeste De Minas
19800.0,Carmo da Cachoeira - MG,2020,-21.453987,-45.19638,888,132.14166500171027,13.666666666666666,27.0,Sul/Sudoeste De Minas
14515.0,Carmo da Cachoeira - MG,2021,-21.453987,-45.19638,888,112.09166677792867,13.416666666666666,26.666666666666668,Sul/Sudoeste De Minas
10200.0,Carmo da Cachoeira - MG,2022,-21.453987,-45.19638,888,123.62500059604645,13.583333333333334,26.833333333333332,Sul/Sudoeste De Minas
13596.0,Carmo da Cachoeira - MG,2023,-21.453987,-45.19638,888,112.52499898274739,14.333333333333334,27.5,Sul/Sudoeste De Minas
5400.0,Carmo de Minas - MG,2019,-22.091972,-45.161329,1092,123.8583317597707,12.916666666666666,26.75,Sul/Sudoeste De Minas
6264.0,Carmo de Minas - MG,2020,-22.091972,-45.161329,1092,129.18333295981088,12.416666666666666,26.333333333333332,Sul/Sudoeste De Minas
4623.0,Carmo de Minas - MG,2021,-22.091972,-45.161329,1092,108.53333290417989,12.083333333333334,26.083333333333332,Sul/Sudoeste De Minas
3819.0,Carmo de Minas - MG,2022,-22.091972,-45.161329,1092,123.04166694482167,12.333333333333334,26.0,Sul/Sudoeste De Minas
5025.0,Carmo de Minas - MG,2023,-22.091972,-45.161329,1092,118.34166757265727,13.416666666666666,26.916666666666668,Sul/Sudoeste De Minas
20286.0,Carmo do Paranaíba - MG,2019,-18.907885,-46.18563,916,95.24166750907898,16.083333333333332,28.5,Triângulo Mineiro/Alto Paranaíba
22805.0,Carmo do Paranaíba - MG,2020,-18.907885,-46.18563,916,131.5666679342588,15.916666666666666,27.833333333333332,Triângulo Mineiro/Alto Paranaíba
16582.0,Carmo do Paranaíba - MG,2021,-18.907885,-46.18563,916,111.33333186308543,15.166666666666666,27.666666666666668,Triângulo Mineiro/Alto Paranaíba
15058.0,Carmo do Paranaíba - MG,2022,-18.907885,-46.18563,916,130.34166538715363,15.25,27.666666666666668,Triângulo Mineiro/Alto Paranaíba
27748.0,Carmo do Paranaíba - MG,2023,-18.907885,-46.18563,916,116.8999973932902,16.083333333333332,28.333333333333332,Triângulo Mineiro/Alto Paranaíba
19662.0,Carmo do Rio Claro - MG,2019,-20.972175,-46.099054,823,107.08333349227905,14.75,27.416666666666668,Sul/Sudoeste De Minas
27263.0,Carmo do Rio Claro - MG,2020,-20.972175,-46.099054,823,123.533334394296,14.25,27.0,Sul/Sudoeste De Minas
15007.0,Carmo do Rio Claro - MG,2021,-20.972175,-46.099054,823,102.41666670640309,13.833333333333334,26.75,Sul/Sudoeste De Minas
17475.0,Carmo do Rio Claro - MG,2022,-20.972175,-46.099054,823,123.899999777476,14.083333333333334,26.666666666666668,Sul/Sudoeste De Minas
17569.0,Carmo do Rio Claro - MG,2023,-20.972175,-46.099054,823,117.23333223660786,14.833333333333334,27.583333333333332,Sul/Sudoeste De Minas
7662.0,Cássia - MG,2019,-20.542816,-46.928932,740,100.92500078678131,16.166666666666668,27.666666666666668,Sul/Sudoeste De Minas
11490.0,Cássia - MG,2020,-20.542816,-46.928932,740,117.64166833957036,15.666666666666666,27.416666666666668,Sul/Sudoeste De Minas
7331.0,Cássia - MG,2021,-20.542816,-46.928932,740,97.44999984900157,15.416666666666666,27.083333333333332,Sul/Sudoeste De Minas
6432.0,Cássia - MG,2022,-20.542816,-46.928932,740,123.300002237161,15.416666666666666,27.0,Sul/Sudoeste De Minas
8500.0,Cássia - MG,2023,-20.542816,-46.928932,740,119.92499935626984,16.166666666666668,27.833333333333332,Sul/Sudoeste De Minas
2976.0,Chalé - MG,2019,-20.030917,-41.659647,632,92.0583332379659,15.416666666666666,28.25,Zona Da Mata
4378.0,Chalé - MG,2020,-20.030917,-41.659647,632,129.95833476384482,15.166666666666666,27.166666666666668,Zona Da Mata
2262.0,Chalé - MG,2021,-20.030917,-41.659647,632,113.89999999602635,14.75,27.25,Zona Da Mata
3240.0,Chalé - MG,2022,-20.030917,-41.659647,632,116.80833411216736,15.166666666666666,27.166666666666668,Zona Da Mata
3450.0,Chalé - MG,2023,-20.030917,-41.659647,632,75.49166647593181,16.083333333333332,27.833333333333332,Zona Da Mata
5667.0,Claraval - MG,2019,-20.369347,-47.239565,873,99.60833231608073,16.25,26.916666666666668,Sul/Sudoeste De Minas
10787.0,Claraval - MG,2020,-20.369347,-47.239565,873,119.49999966224034,16.083333333333332,26.583333333333332,Sul/Sudoeste De Minas
4631.0,Claraval - MG,2021,-20.369347,-47.239565,873,97.15000003576279,15.5,26.333333333333332,Sul/Sudoeste De Minas
4605.0,Claraval - MG,2022,-20.369347,-47.239565,873,124.11666824420293,15.416666666666666,26.166666666666668,Sul/Sudoeste De Minas
8677.0,Claraval - MG,2023,-20.369347,-47.239565,873,120.89166673024495,16.166666666666668,26.916666666666668,Sul/Sudoeste De Minas
15203.0,Conceição da Aparecida - MG,2019,-21.097041,-46.226018,926,109.4166669845581,14.083333333333334,26.75,Sul/Sudoeste De Minas
16502.0,Conceição da Aparecida - MG,2020,-21.097041,-46.226018,926,120.92500134309132,13.666666666666666,26.5,Sul/Sudoeste De Minas
12231.0,Conceição da Aparecida - MG,2021,-21.097041,-46.226018,926,100.21666586399078,13.416666666666666,26.25,Sul/Sudoeste De Minas
11934.0,Conceição da Aparecida - MG,2022,-21.097041,-46.226018,926,123.80000072717667,13.583333333333334,26.083333333333332,Sul/Sudoeste De Minas
13028.0,Conceição da Aparecida - MG,2023,-21.097041,-46.226018,926,119.66666682561238,14.416666666666666,26.916666666666668,Sul/Sudoeste De Minas
5814.0,Conceição do Rio Verde - MG,2019,-21.897362,-45.090744,902,118.52499961853027,13.916666666666666,27.833333333333332,Sul/Sudoeste De Minas
7650.0,Conceição do Rio Verde - MG,2020,-21.897362,-45.090744,902,131.66666666666666,13.333333333333334,27.5,Sul/Sudoeste De Minas
6503.0,Conceição do Rio Verde - MG,2021,-21.897362,-45.090744,902,109.83333281675975,13.0,27.333333333333332,Sul/Sudoeste De Minas
5850.0,Conceição do Rio Verde - MG,2022,-21.897362,-45.090744,902,122.01666476329167,13.083333333333334,27.25,Sul/Sudoeste De Minas
5616.0,Conceição do Rio Verde - MG,2023,-21.897362,-45.090744,902,113.88333280881245,14.083333333333334,28.0,Sul/Sudoeste De Minas
2496.0,Conselheiro Pena - MG,2019,-19.169977,-41.456641,113,76.79166571299235,18.833333333333332,31.25,Vale Do Rio Doce
3338.0,Conselheiro Pena - MG,2020,-19.169977,-41.456641,113,113.39999922116597,18.833333333333332,30.5,Vale Do Rio Doce
2038.0,Conselheiro Pena - MG,2021,-19.169977,-41.456641,113,97.01666728655498,18.25,30.416666666666668,Vale Do Rio Doce
5580.0,Conselheiro Pena - MG,2022,-19.169977,-41.456641,113,107.43333351612091,18.666666666666668,30.166666666666668,Vale Do Rio Doce
5432.0,Conselheiro Pena - MG,2023,-19.169977,-41.456641,113,66.08333269755046,19.333333333333332,30.833333333333332,Vale Do Rio Doce
8820.0,Coqueiral - MG,2019,-21.16877,-45.415465,818,103.60000006357829,14.583333333333334,27.833333333333332,Sul/Sudoeste De Minas
15293.0,Coqueiral - MG,2020,-21.16877,-45.415465,818,128.5749997893969,13.75,27.416666666666668,Sul/Sudoeste De Minas
7500.0,Coqueiral - MG,2021,-21.16877,-45.415465,818,109.80000042915344,13.583333333333334,27.416666666666668,Sul/Sudoeste De Minas
6000.0,Coqueiral - MG,2022,-21.16877,-45.415465,818,122.89166649182637,13.666666666666666,27.166666666666668,Sul/Sudoeste De Minas
9240.0,Coqueiral - MG,2023,-21.16877,-45.415465,818,112.34166582425435,14.5,28.0,Sul/Sudoeste De Minas
13500.0,Coromandel - MG,2019,-18.413053,-47.13699,810,102.27499864498775,17.083333333333332,28.916666666666668,Triângulo Mineiro/Alto Paranaíba
16043.0,Coromandel - MG,2020,-18.413053,-47.13699,810,129.04166565835476,16.75,28.416666666666668,Triângulo Mineiro/Alto Paranaíba
10287.0,Coromandel - MG,2021,-18.413053,-47.13699,810,121.30833101272583,16.416666666666668,28.333333333333332,Triângulo Mineiro/Alto Paranaíba
9866.0,Coromandel - MG,2022,-18.413053,-47.13699,810,132.04166626930237,16.25,28.083333333333332,Triângulo Mineiro/Alto Paranaíba
17300.0,Coromandel - MG,2023,-18.413053,-47.13699,810,122.11666768789291,17.083333333333332,29.083333333333332,Triângulo Mineiro/Alto Paranaíba
7534.0,Cristais - MG,2019,-20.81091,-45.557358,779,102.51666673024495,14.75,28.333333333333332,Oeste De Minas
9216.0,Cristais - MG,2020,-20.81091,-45.557358,779,126.35000161329906,14.166666666666666,27.916666666666668,Oeste De Minas
6251.0,Cristais - MG,2021,-20.81091,-45.557358,779,107.12500206629436,14.083333333333334,27.583333333333332,Oeste De Minas
5200.0,Cristais - MG,2022,-20.81091,-45.557358,779,123.31666574875514,14.083333333333334,27.5,Oeste De Minas
7034.0,Cristais - MG,2023,-20.81091,-45.557358,779,110.76666633288066,14.833333333333334,28.083333333333332,Oeste De Minas
8928.0,Divino - MG,2019,-20.59005,-42.17528,763,95.36666703224182,13.5,27.416666666666668,Zona Da Mata
14881.0,Divino - MG,2020,-20.59005,-42.17528,763,135.16666475931802,13.333333333333334,27.0,Zona Da Mata
6912.0,Divino - MG,2021,-20.59005,-42.17528,763,114.8250008225441,12.833333333333334,26.666666666666668,Zona Da Mata
9072.0,Divino - MG,2022,-20.59005,-42.17528,763,121.30833526452382,13.0,26.5,Zona Da Mata
9792.0,Divino - MG,2023,-20.59005,-42.17528,763,77.38333455721538,13.75,27.166666666666668,Zona Da Mata
2966.0,Divisa Nova - MG,2019,-21.517592,-46.245033,873,110.30833315849304,14.833333333333334,27.833333333333332,Sul/Sudoeste De Minas
3564.0,Divisa Nova - MG,2020,-21.517592,-46.245033,873,112.16666650772095,14.416666666666666,27.5,Sul/Sudoeste De Minas
2674.0,Divisa Nova - MG,2021,-21.517592,-46.245033,873,97.13333360354106,14.083333333333334,27.333333333333332,Sul/Sudoeste De Minas
2470.0,Divisa Nova - MG,2022,-21.517592,-46.245033,873,119.85833404461543,14.25,27.25,Sul/Sudoeste De Minas
3629.0,Divisa Nova - MG,2023,-21.517592,-46.245033,873,119.94166787465413,14.916666666666666,27.666666666666668,Sul/Sudoeste De Minas
6600.0,Durandé - MG,2019,-20.147248,-41.795269,635,94.2166661421458,14.333333333333334,27.333333333333332,Zona Da Mata
13200.0,Durandé - MG,2020,-20.147248,-41.795269,635,133.14166673024496,14.083333333333334,26.833333333333332,Zona Da Mata
5280.0,Durandé - MG,2021,-20.147248,-41.795269,635,116.63333229223888,13.75,26.666666666666668,Zona Da Mata
7800.0,Durandé - MG,2022,-20.147248,-41.795269,635,119.05000102519989,14.0,26.583333333333332,Zona Da Mata
7659.0,Durandé - MG,2023,-20.147248,-41.795269,635,78.19166747728984,14.666666666666666,27.5,Zona Da Mata
12045.0,Elói Mendes - MG,2019,-21.612446,-45.597212,834,111.52500009536743,14.25,27.916666666666668,Sul/Sudoeste De Minas
20448.0,Elói Mendes - MG,2020,-21.612446,-45.597212,834,119.04999935626984,13.666666666666666,27.333333333333332,Sul/Sudoeste De Minas
11780.0,Elói Mendes - MG,2021,-21.612446,-45.597212,834,104.19166549046834,13.25,27.416666666666668,Sul/Sudoeste De Minas
11071.0,Elói Mendes - MG,2022,-21.612446,-45.597212,834,119.19166411956151,13.666666666666666,27.333333333333332,Sul/Sudoeste De Minas
17096.0,Elói Mendes - MG,2023,-21.612446,-45.597212,834,114.69166652361552,14.5,28.083333333333332,Sul/Sudoeste De Minas
6014.0,Ervália - MG,2019,-20.84914,-42.600566,807,96.71666773160298,13.333333333333334,26.75,Zona Da Mata
9331.0,Ervália - MG,2020,-20.84914,-42.600566,807,137.849999666214,13.083333333333334,26.083333333333332,Zona Da Mata
5400.0,Ervália - MG,2021,-20.84914,-42.600566,807,114.35833315054576,12.416666666666666,25.916666666666668,Zona Da Mata
6600.0,Ervália - MG,2022,-20.84914,-42.600566,807,124.59166594346364,12.916666666666666,25.75,Zona Da Mata
7386.0,Ervália - MG,2023,-20.84914,-42.600566,807,80.07500092188518,13.75,26.333333333333332,Zona Da Mata
8010.0,Espera Feliz - MG,2019,-20.597532,-41.930118,914,94.81666700045268,13.25,27.0,Zona Da Mata
18360.0,Espera Feliz - MG,2020,-20.597532,-41.930118,914,131.7249994277954,13.083333333333334,26.166666666666668,Zona Da Mata
7020.0,Espera Feliz - MG,2021,-20.597532,-41.930118,914,113.25833447774251,12.5,26.0,Zona Da Mata
11400.0,Espera Feliz - MG,2022,-20.597532,-41.930118,914,117.9249986410141,12.833333333333334,26.0,Zona Da Mata
10260.0,Espera Feliz - MG,2023,-20.597532,-41.930118,914,74.98333398501079,13.666666666666666,26.666666666666668,Zona Da Mata
3815.0,Estrela do Sul - MG,2019,-18.715175,-47.726319,782,100.16666734218597,17.0,28.583333333333332,Triângulo Mineiro/Alto Paranaíba
3816.0,Estrela do Sul - MG,2020,-18.715175,-47.726319,782,122.74166643619537,16.583333333333332,28.083333333333332,Triângulo Mineiro/Alto Paranaíba
3996.0,Estrela do Sul - MG,2021,-18.715175,-47.726319,782,115.47500037650268,16.083333333333332,27.916666666666668,Triângulo Mineiro/Alto Paranaíba
3234.0,Estrela do Sul - MG,2022,-18.715175,-47.726319,782,130.6583332916101,16.0,27.833333333333332,Triângulo Mineiro/Alto Paranaíba
6124.0,Estrela do Sul - MG,2023,-18.715175,-47.726319,782,123.67500148216884,16.666666666666668,28.666666666666668,Triângulo Mineiro/Alto Paranaíba
4120.0,Fervedouro - MG,2019,-20.680792,-42.347107,841,96.65000089009602,13.25,26.833333333333332,Zona Da Mata
6450.0,Fervedouro - MG,2020,-20.680792,-42.347107,841,137.1666693687439,12.916666666666666,26.166666666666668,Zona Da Mata
4721.0,Fervedouro - MG,2021,-20.680792,-42.347107,841,115.20833361148834,12.333333333333334,25.916666666666668,Zona Da Mata
6458.0,Fervedouro - MG,2022,-20.680792,-42.347107,841,123.22500125567119,12.75,25.916666666666668,Zona Da Mata
3360.0,Fervedouro - MG,2023,-20.680792,-42.347107,841,79.23333319028218,13.583333333333334,26.666666666666668,Zona Da Mata
2790.0,Formiga - MG,2019,-20.553873,-45.516585,849,99.1166660785675,14.916666666666666,28.416666666666668,Oeste De Minas
3864.0,Formiga - MG,2020,-20.553873,-45.516585,849,125.35833203792572,14.166666666666666,27.833333333333332,Oeste De Minas
3753.0,Formiga - MG,2021,-20.553873,-45.516585,849,105.21666649977367,14.25,27.583333333333332,Oeste De Minas
5013.0,Formiga - MG,2022,-20.553873,-45.516585,849,124.29166479905446,14.083333333333334,27.416666666666668,Oeste De Minas
5630.0,Formiga - MG,2023,-20.553873,-45.516585,849,108.95833349227905,14.916666666666666,28.166666666666668,Oeste De Minas
12861.0,Guapé - MG,2019,-20.76418,-45.920925,778,102.8083336353302,15.25,27.916666666666668,Sul/Sudoeste De Minas
16983.0,Guapé - MG,2020,-20.76418,-45.920925,778,124.40000144640605,14.583333333333334,27.666666666666668,Sul/Sudoeste De Minas
13080.0,Guapé - MG,2021,-20.76418,-45.920925,778,102.71666646003723,14.25,27.416666666666668,Sul/Sudoeste De Minas
10986.0,Guapé - MG,2022,-20.76418,-45.920925,778,122.33333472410838,14.416666666666666,27.333333333333332,Sul/Sudoeste De Minas
13890.0,Guapé - MG,2023,-20.76418,-45.920925,778,112.22500125567119,15.416666666666666,27.833333333333332,Sul/Sudoeste De Minas
4075.0,Guaranésia - MG,2019,-21.277658,-46.807081,821,100.70833412806194,15.166666666666666,27.583333333333332,Sul/Sudoeste De Minas
5636.0,Guaranésia - MG,2020,-21.277658,-46.807081,821,104.29999847213428,14.583333333333334,27.416666666666668,Sul/Sudoeste De Minas
3690.0,Guaranésia - MG,2021,-21.277658,-46.807081,821,88.42499939600627,14.416666666666666,27.166666666666668,Sul/Sudoeste De Minas
4087.0,Guaranésia - MG,2022,-21.277658,-46.807081,821,113.12500063578288,14.666666666666666,27.083333333333332,Sul/Sudoeste De Minas
4653.0,Guaranésia - MG,2023,-21.277658,-46.807081,821,116.79166487852733,15.25,27.666666666666668,Sul/Sudoeste De Minas
6666.0,Guaxupé - MG,2019,-21.29067,-46.68303,877,102.94999969005585,15.0,27.0,Sul/Sudoeste De Minas
8526.0,Guaxupé - MG,2020,-21.29067,-46.68303,877,106.8916650613149,14.333333333333334,26.916666666666668,Sul/Sudoeste De Minas
4590.0,Guaxupé - MG,2021,-21.29067,-46.68303,877,90.51666593551636,14.0,26.5,Sul/Sudoeste De Minas
4503.0,Guaxupé - MG,2022,-21.29067,-46.68303,877,115.38333372275035,14.166666666666666,26.416666666666668,Sul/Sudoeste De Minas
4740.0,Guaxupé - MG,2023,-21.29067,-46.68303,877,117.75000206629436,15.0,27.25,Sul/Sudoeste De Minas
4033.0,Guimarânia - MG,2019,-18.815727,-46.753092,911,102.09999938805898,16.416666666666668,27.833333333333332,Triângulo Mineiro/Alto Paranaíba
7772.0,Guimarânia - MG,2020,-18.815727,-46.753092,911,134.24166455864906,16.083333333333332,27.25,Triângulo Mineiro/Alto Paranaíba
6053.0,Guimarânia - MG,2021,-18.815727,-46.753092,911,115.2583320538203,15.666666666666666,27.416666666666668,Triângulo Mineiro/Alto Paranaíba
4986.0,Guimarânia - MG,2022,-18.815727,-46.753092,911,135.79166620969772,15.833333333333334,27.166666666666668,Triângulo Mineiro/Alto Paranaíba
7312.0,Guimarânia - MG,2023,-18.815727,-46.753092,911,123.0333309173584,16.5,28.0,Triângulo Mineiro/Alto Paranaíba
5062.0,Heliodora - MG,2019,-22.049209,-45.540506,845,115.64166561762492,13.75,27.333333333333332,Sul/Sudoeste De Minas
5841.0,Heliodora - MG,2020,-22.049209,-45.540506,845,117.64166686932246,13.416666666666666,27.25,Sul/Sudoeste De Minas
3930.0,Heliodora - MG,2021,-22.049209,-45.540506,845,100.84166634082794,13.0,26.5,Sul/Sudoeste De Minas
3073.0,Heliodora - MG,2022,-22.049209,-45.540506,845,117.09166379769643,13.333333333333334,26.666666666666668,Sul/Sudoeste De Minas
4514.0,Heliodora - MG,2023,-22.049209,-45.540506,845,116.20000060399373,14.166666666666666,27.5,Sul/Sudoeste De Minas
8839.0,Ibiá - MG,2019,-19.558012,-46.595837,944,104.40000009536743,15.416666666666666,27.75,Triângulo Mineiro/Alto Paranaíba
13968.0,Ibiá - MG,2020,-19.558012,-46.595837,944,134.34166753292084,15.083333333333334,27.333333333333332,Triângulo Mineiro/Alto Paranaíba
7680.0,Ibiá - MG,2021,-19.558012,-46.595837,944,112.5083332657814,14.583333333333334,27.083333333333332,Triângulo Mineiro/Alto Paranaíba
7410.0,Ibiá - MG,2022,-19.558012,-46.595837,944,141.8166665236155,14.416666666666666,26.75,Triângulo Mineiro/Alto Paranaíba
10008.0,Ibiá - MG,2023,-19.558012,-46.595837,944,124.14999957879384,15.166666666666666,27.583333333333332,Triângulo Mineiro/Alto Paranaíba
18113.0,Ibiraci - MG,2019,-20.393283,-47.111601,1104,103.06666564941406,15.5,25.833333333333332,Sul/Sudoeste De Minas
37236.0,Ibiraci - MG,2020,-20.393283,-47.111601,1104,121.50000058611234,15.083333333333334,25.666666666666668,Sul/Sudoeste De Minas
14255.0,Ibiraci - MG,2021,-20.393283,-47.111601,1104,99.63333346446355,14.5,25.416666666666668,Sul/Sudoeste De Minas
17488.0,Ibiraci - MG,2022,-20.393283,-47.111601,1104,127.87499974171321,14.583333333333334,25.166666666666668,Sul/Sudoeste De Minas
23364.0,Ibiraci - MG,2023,-20.393283,-47.111601,1104,123.54999868075053,15.333333333333334,26.0,Sul/Sudoeste De Minas
6849.0,Ilicínea - MG,2019,-20.931309,-45.801945,913,107.00833280881245,14.083333333333334,27.416666666666668,Sul/Sudoeste De Minas
10042.0,Ilicínea - MG,2020,-20.931309,-45.801945,913,127.59166651964188,13.583333333333334,27.0,Sul/Sudoeste De Minas
8861.0,Ilicínea - MG,2021,-20.931309,-45.801945,913,106.54166503747304,13.416666666666666,26.666666666666668,Sul/Sudoeste De Minas
6232.0,Ilicínea - MG,2022,-20.931309,-45.801945,913,124.8999999165535,13.5,26.5,Sul/Sudoeste De Minas
9641.0,Ilicínea - MG,2023,-20.931309,-45.801945,913,115.64166816075642,14.333333333333334,27.5,Sul/Sudoeste De Minas
2362.0,Imbé de Minas - MG,2019,-19.618736,-41.967421,579,87.94999957084656,15.416666666666666,28.166666666666668,Vale Do Rio Doce
4694.0,Imbé de Minas - MG,2020,-19.618736,-41.967421,579,130.1416668097178,15.083333333333334,27.5,Vale Do Rio Doce
4080.0,Imbé de Minas - MG,2021,-19.618736,-41.967421,579,112.49166584014893,14.666666666666666,27.166666666666668,Vale Do Rio Doce
4692.0,Imbé de Minas - MG,2022,-19.618736,-41.967421,579,117.95833486318588,15.0,27.166666666666668,Vale Do Rio Doce
4692.0,Imbé de Minas - MG,2023,-19.618736,-41.967421,579,77.51666760444641,15.833333333333334,27.833333333333332,Vale Do Rio Doce
1950.0,Inconfidentes - MG,2019,-22.336635,-46.282165,926,108.15833353996277,13.333333333333334,25.5,Sul/Sudoeste De Minas
5043.0,Inconfidentes - MG,2020,-22.336635,-46.282165,926,106.82500125964482,13.0,25.166666666666668,Sul/Sudoeste De Minas
3600.0,Inconfidentes - MG,2021,-22.336635,-46.282165,926,93.01666676998138,12.666666666666666,24.833333333333332,Sul/Sudoeste De Minas
4228.0,Inconfidentes - MG,2022,-22.336635,-46.282165,926,113.82499925295512,12.75,24.75,Sul/Sudoeste De Minas
5116.0,Inconfidentes - MG,2023,-22.336635,-46.282165,926,120.59166566530864,13.416666666666666,25.583333333333332,Sul/Sudoeste De Minas
6966.0,Indianópolis - MG,2019,-18.952305,-47.849558,956,102.29999953508377,16.333333333333332,28.5,Triângulo Mineiro/Alto Paranaíba
6507.0,Indianópolis - MG,2020,-18.952305,-47.849558,956,124.45833210150401,16.0,28.0,Triângulo Mineiro/Alto Paranaíba
8803.0,Indianópolis - MG,2021,-18.952305,-47.849558,956,115.80000031987827,15.583333333333334,27.916666666666668,Triângulo Mineiro/Alto Paranaíba
6480.0,Indianópolis - MG,2022,-18.952305,-47.849558,956,134.32500105102858,15.666666666666666,27.75,Triângulo Mineiro/Alto Paranaíba
12231.0,Indianópolis - MG,2023,-18.952305,-47.849558,956,128.03333377838135,16.25,28.583333333333332,Triângulo Mineiro/Alto Paranaíba
4646.0,Inhapim - MG,2019,-19.498668,-41.966912,801,86.7916677792867,15.833333333333334,28.25,Vale Do Rio Doce
6192.0,Inhapim - MG,2020,-19.498668,-41.966912,801,129.25833336512247,15.916666666666666,27.666666666666668,Vale Do Rio Doce
4296.0,Inhapim - MG,2021,-19.498668,-41.966912,801,111.70833259820938,15.333333333333334,27.416666666666668,Vale Do Rio Doce
6444.0,Inhapim - MG,2022,-19.498668,-41.966912,801,117.6166643301646,15.5,27.333333333333332,Vale Do Rio Doce
9666.0,Inhapim - MG,2023,-19.498668,-41.966912,801,77.37499976158142,16.333333333333332,28.083333333333332,Vale Do Rio Doce
14067.0,Itamogi - MG,2019,-21.074085,-47.050257,995,103.14999918142955,15.083333333333334,26.666666666666668,Sul/Sudoeste De Minas
19522.0,Itamogi - MG,2020,-21.074085,-47.050257,995,108.51666690905888,14.666666666666666,26.5,Sul/Sudoeste De Minas
9734.0,Itamogi - MG,2021,-21.074085,-47.050257,995,91.3749996026357,14.416666666666666,26.166666666666668,Sul/Sudoeste De Minas
11088.0,Itamogi - MG,2022,-21.074085,-47.050257,995,117.11666623751323,14.333333333333334,26.083333333333332,Sul/Sudoeste De Minas
15460.0,Itamogi - MG,2023,-21.074085,-47.050257,995,121.3999993801117,15.25,26.833333333333332,Sul/Sudoeste De Minas
5040.0,Jacuí - MG,2019,-21.024667,-46.736056,994,105.51666577657063,14.5,26.416666666666668,Sul/Sudoeste De Minas
5880.0,Jacuí - MG,2020,-21.024667,-46.736056,994,112.39166821042697,13.75,26.083333333333332,Sul/Sudoeste De Minas
3360.0,Jacuí - MG,2021,-21.024667,-46.736056,994,95.8166665037473,13.666666666666666,25.833333333333332,Sul/Sudoeste De Minas
3456.0,Jacuí - MG,2022,-21.024667,-46.736056,994,121.08333458503087,13.75,25.833333333333332,Sul/Sudoeste De Minas
4224.0,Jacuí - MG,2023,-21.024667,-46.736056,994,120.99166576067607,14.416666666666666,26.666666666666668,Sul/Sudoeste De Minas
5452.0,Jacutinga - MG,2019,-22.287767,-46.600944,873,104.25000047683716,14.75,26.916666666666668,Sul/Sudoeste De Minas
6678.0,Jacutinga - MG,2020,-22.287767,-46.600944,873,102.60833465059598,14.25,26.583333333333332,Sul/Sudoeste De Minas
3604.0,Jacutinga - MG,2021,-22.287767,-46.600944,873,86.83333420753479,13.916666666666666,26.166666666666668,Sul/Sudoeste De Minas
4863.0,Jacutinga - MG,2022,-22.287767,-46.600944,873,109.27499934037526,14.083333333333334,26.0,Sul/Sudoeste De Minas
4356.0,Jacutinga - MG,2023,-22.287767,-46.600944,873,117.02500065167744,15.0,26.583333333333332,Sul/Sudoeste De Minas
2772.0,Jequeri - MG,2019,-20.474173,-42.619542,552,91.40000021457672,15.0,28.333333333333332,Zona Da Mata
5040.0,Jequeri - MG,2020,-20.474173,-42.619542,552,130.14166748523712,14.75,27.666666666666668,Zona Da Mata
3900.0,Jequeri - MG,2021,-20.474173,-42.619542,552,110.8333311676979,14.333333333333334,27.25,Zona Da Mata
5940.0,Jequeri - MG,2022,-20.474173,-42.619542,552,121.11666762828827,14.75,27.083333333333332,Zona Da Mata
5250.0,Jequeri - MG,2023,-20.474173,-42.619542,552,75.00000003973643,15.5,27.916666666666668,Zona Da Mata
5184.0,João Pinheiro - MG,2019,-17.604951,-45.934174,587,80.92499930163224,17.833333333333332,31.25,Noroeste De Minas
6780.0,João Pinheiro - MG,2020,-17.604951,-45.934174,587,112.10833432277043,17.25,30.583333333333332,Noroeste De Minas
6984.0,João Pinheiro - MG,2021,-17.604951,-45.934174,587,104.59999897082646,16.916666666666668,30.5,Noroeste De Minas
7200.0,João Pinheiro - MG,2022,-17.604951,-45.934174,587,104.34166892369588,17.0,30.25,Noroeste De Minas
9900.0,João Pinheiro - MG,2023,-17.604951,-45.934174,587,93.4583324988683,17.75,31.166666666666668,Noroeste De Minas
8568.0,Juruaia - MG,2019,-21.220954,-46.526518,968,106.34166606267293,14.666666666666666,27.083333333333332,Sul/Sudoeste De Minas
9600.0,Juruaia - MG,2020,-21.220954,-46.526518,968,111.541666696469,14.083333333333334,26.916666666666668,Sul/Sudoeste De Minas
7500.0,Juruaia - MG,2021,-21.220954,-46.526518,968,93.84166649977367,13.75,26.333333333333332,Sul/Sudoeste De Minas
7380.0,Juruaia - MG,2022,-21.220954,-46.526518,968,118.59166753292084,14.0,26.416666666666668,Sul/Sudoeste De Minas
6960.0,Juruaia - MG,2023,-21.220954,-46.526518,968,118.99166631698608,14.833333333333334,27.333333333333332,Sul/Sudoeste De Minas
8400.0,Lajinha - MG,2019,-20.143707,-41.587793,669,94.35833279291789,15.166666666666666,28.166666666666668,Zona Da Mata
17194.0,Lajinha - MG,2020,-20.143707,-41.587793,669,131.40833314259848,14.916666666666666,27.083333333333332,Zona Da Mata
8839.0,Lajinha - MG,2021,-20.143707,-41.587793,669,115.5416649778684,14.333333333333334,27.083333333333332,Zona Da Mata
11729.0,Lajinha - MG,2022,-20.143707,-41.587793,669,117.71666570504506,14.75,27.083333333333332,Zona Da Mata
12434.0,Lajinha - MG,2023,-20.143707,-41.587793,669,76.12499992052715,15.416666666666666,27.75,Zona Da Mata
5676.0,Lambari - MG,2019,-22.000969,-45.377836,1075,122.5666667620341,12.666666666666666,26.25,Sul/Sudoeste De Minas
7420.0,Lambari - MG,2020,-22.000969,-45.377836,1075,127.22500030199687,12.5,26.0,Sul/Sudoeste De Minas
5317.0,Lambari - MG,2021,-22.000969,-45.377836,1075,108.14999862511952,12.166666666666666,25.5,Sul/Sudoeste De Minas
4896.0,Lambari - MG,2022,-22.000969,-45.377836,1075,123.77499840656917,12.25,25.583333333333332,Sul/Sudoeste De Minas
6708.0,Lambari - MG,2023,-22.000969,-45.377836,1075,121.01666831970215,13.166666666666666,26.416666666666668,Sul/Sudoeste De Minas
6750.0,Lavras - MG,2019,-21.264744,-45.038255,957,108.55833435058594,14.666666666666666,27.166666666666668,Campo Das Vertentes
9000.0,Lavras - MG,2020,-21.264744,-45.038255,957,137.95000199476877,14.083333333333334,26.833333333333332,Campo Das Vertentes
5822.0,Lavras - MG,2021,-21.264744,-45.038255,957,117.37499833106995,13.833333333333334,26.416666666666668,Campo Das Vertentes
6439.0,Lavras - MG,2022,-21.264744,-45.038255,957,129.14166724681854,13.916666666666666,26.583333333333332,Campo Das Vertentes
7650.0,Lavras - MG,2023,-21.264744,-45.038255,957,113.7666658560435,14.75,27.416666666666668,Campo Das Vertentes
9840.0,Luisburgo - MG,2019,-20.436331,-42.074476,835,100.20833245913188,12.416666666666666,25.916666666666668,Zona Da Mata
13188.0,Luisburgo - MG,2020,-20.436331,-42.074476,835,141.81666707992554,12.083333333333334,25.166666666666668,Zona Da Mata
8280.0,Luisburgo - MG,2021,-20.436331,-42.074476,835,122.15000124772389,11.833333333333334,24.916666666666668,Zona Da Mata
9300.0,Luisburgo - MG,2022,-20.436331,-42.074476,835,126.60000212987264,12.0,24.833333333333332,Zona Da Mata
8928.0,Luisburgo - MG,2023,-20.436331,-42.074476,835,83.02500061194102,12.75,25.583333333333332,Zona Da Mata
2890.0,Luminárias - MG,2019,-21.537867,-44.922881,912,114.10000030199687,14.416666666666666,27.583333333333332,Campo Das Vertentes
3590.0,Luminárias - MG,2020,-21.537867,-44.922881,912,138.55833299954733,14.0,27.083333333333332,Campo Das Vertentes
3002.0,Luminárias - MG,2021,-21.537867,-44.922881,912,116.38333197434743,13.5,26.583333333333332,Campo Das Vertentes
3002.0,Luminárias - MG,2022,-21.537867,-44.922881,912,127.59999837478001,13.75,26.833333333333332,Campo Das Vertentes
2804.0,Luminárias - MG,2023,-21.537867,-44.922881,912,112.71666657924652,14.666666666666666,27.5,Campo Das Vertentes
19672.0,Machado - MG,2019,-21.665823,-45.920327,826,116.94166580835979,14.333333333333334,27.25,Sul/Sudoeste De Minas
29705.0,Machado - MG,2020,-21.665823,-45.920327,826,115.3166658480962,13.916666666666666,27.083333333333332,Sul/Sudoeste De Minas
14258.0,Machado - MG,2021,-21.665823,-45.920327,826,103.7999979654948,13.5,26.583333333333332,Sul/Sudoeste De Minas
12147.0,Machado - MG,2022,-21.665823,-45.920327,826,123.74999888737996,13.583333333333334,26.5,Sul/Sudoeste De Minas
21401.0,Machado - MG,2023,-21.665823,-45.920327,826,122.60833470026652,14.583333333333334,27.5,Sul/Sudoeste De Minas
21338.0,Manhuaçu - MG,2019,-20.195203,-42.106682,869,95.42499995231628,13.25,26.5,Zona Da Mata
36826.0,Manhuaçu - MG,2020,-20.195203,-42.106682,869,137.50000095367432,13.0,25.916666666666668,Zona Da Mata
19728.0,Manhuaçu - MG,2021,-20.195203,-42.106682,869,119.274999777476,12.666666666666666,25.666666666666668,Zona Da Mata
32688.0,Manhuaçu - MG,2022,-20.195203,-42.106682,869,124.05000185966492,12.916666666666666,25.666666666666668,Zona Da Mata
25680.0,Manhuaçu - MG,2023,-20.195203,-42.106682,869,80.80833236376445,13.583333333333334,26.333333333333332,Zona Da Mata
6360.0,Manhumirim - MG,2019,-20.347462,-41.938809,620,93.7666670481364,14.333333333333334,27.833333333333332,Zona Da Mata
8820.0,Manhumirim - MG,2020,-20.347462,-41.938809,620,132.59166820844015,14.083333333333334,27.0,Zona Da Mata
6000.0,Manhumirim - MG,2021,-20.347462,-41.938809,620,115.50000059604645,13.666666666666666,26.916666666666668,Zona Da Mata
7176.0,Manhumirim - MG,2022,-20.347462,-41.938809,620,118.90000240008037,13.833333333333334,26.666666666666668,Zona Da Mata
7488.0,Manhumirim - MG,2023,-20.347462,-41.938809,620,76.72500058015187,14.666666666666666,27.5,Zona Da Mata
7970.0,Martins Soares - MG,2019,-20.258944,-41.842508,790,97.23333374659221,13.666666666666666,27.166666666666668,Zona Da Mata
6426.0,Martins Soares - MG,2020,-20.258944,-41.842508,790,136.56666747728983,13.25,26.083333333333332,Zona Da Mata
3480.0,Martins Soares - MG,2021,-20.258944,-41.842508,790,119.5166666706403,13.0,26.083333333333332,Zona Da Mata
4140.0,Martins Soares - MG,2022,-20.258944,-41.842508,790,121.66666718324025,13.166666666666666,26.083333333333332,Zona Da Mata
3540.0,Martins Soares - MG,2023,-20.258944,-41.842508,790,80.29166686534882,14.083333333333334,26.833333333333332,Zona Da Mata
6468.0,Matipó - MG,2019,-20.308713,-42.315717,685,93.375,14.166666666666666,27.75,Zona Da Mata
7488.0,Matipó - MG,2020,-20.308713,-42.315717,685,134.63333241144815,14.0,27.083333333333332,Zona Da Mata
4633.0,Matipó - MG,2021,-20.308713,-42.315717,685,116.21666590372722,13.583333333333334,27.0,Zona Da Mata
5418.0,Matipó - MG,2022,-20.308713,-42.315717,685,122.9083331823349,13.583333333333334,26.916666666666668,Zona Da Mata
5405.0,Matipó - MG,2023,-20.308713,-42.315717,685,78.54166754086812,14.583333333333334,27.583333333333332,Zona Da Mata
3763.0,Medeiros - MG,2019,-19.989089,-46.339754,1020,106.25000047683716,14.666666666666666,26.916666666666668,Oeste De Minas
6970.0,Medeiros - MG,2020,-19.989089,-46.339754,1020,134.32500187555948,14.0,26.75,Oeste De Minas
4634.0,Medeiros - MG,2021,-19.989089,-46.339754,1020,111.19166600704193,13.666666666666666,26.416666666666668,Oeste De Minas
4770.0,Medeiros - MG,2022,-19.989089,-46.339754,1020,138.27500115831694,13.833333333333334,26.333333333333332,Oeste De Minas
5673.0,Medeiros - MG,2023,-19.989089,-46.339754,1020,121.32500267028809,14.583333333333334,27.166666666666668,Oeste De Minas
3750.0,Monsenhor Paulo - MG,2019,-21.733382,-45.481852,887,114.82499980926514,13.833333333333334,27.583333333333332,Sul/Sudoeste De Minas
7875.0,Monsenhor Paulo - MG,2020,-21.733382,-45.481852,887,122.68333268165588,13.416666666666666,27.333333333333332,Sul/Sudoeste De Minas
5217.0,Monsenhor Paulo - MG,2021,-21.733382,-45.481852,887,106.02500120798747,13.083333333333334,26.916666666666668,Sul/Sudoeste De Minas
4551.0,Monsenhor Paulo - MG,2022,-21.733382,-45.481852,887,119.90000092983246,13.25,26.916666666666668,Sul/Sudoeste De Minas
5108.0,Monsenhor Paulo - MG,2023,-21.733382,-45.481852,887,114.85000038146973,14.166666666666666,27.75,Sul/Sudoeste De Minas
8430.0,Monte Belo - MG,2019,-21.314726,-46.326499,855,108.22499934832256,14.833333333333334,27.5,Sul/Sudoeste De Minas
6660.0,Monte Belo - MG,2020,-21.314726,-46.326499,855,113.65833361943562,14.333333333333334,27.416666666666668,Sul/Sudoeste De Minas
6396.0,Monte Belo - MG,2021,-21.314726,-46.326499,855,95.57500072320302,14.0,27.25,Sul/Sudoeste De Minas
3840.0,Monte Belo - MG,2022,-21.314726,-46.326499,855,119.2833325068156,14.25,27.083333333333332,Sul/Sudoeste De Minas
7176.0,Monte Belo - MG,2023,-21.314726,-46.326499,855,118.45833333333333,14.916666666666666,27.75,Sul/Sudoeste De Minas
21271.0,Monte Carmelo - MG,2019,-18.708906,-47.46107,855,102.93333298961322,16.5,28.166666666666668,Triângulo Mineiro/Alto Paranaíba
26928.0,Monte Carmelo - MG,2020,-18.708906,-47.46107,855,125.95833306511243,16.166666666666668,27.833333333333332,Triângulo Mineiro/Alto Paranaíba
28350.0,Monte Carmelo - MG,2021,-18.708906,-47.46107,855,116.8749978095293,15.75,27.5,Triângulo Mineiro/Alto Paranaíba
28231.0,Monte Carmelo - MG,2022,-18.708906,-47.46107,855,133.89166514078775,15.666666666666666,27.166666666666668,Triângulo Mineiro/Alto Paranaíba
43700.0,Monte Carmelo - MG,2023,-18.708906,-47.46107,855,125.28333415587743,16.333333333333332,28.0,Triângulo Mineiro/Alto Paranaíba
15631.0,Monte Santo de Minas - MG,2019,-21.188734,-46.94681,895,102.70833186308543,15.166666666666666,26.916666666666668,Sul/Sudoeste De Minas
21773.0,Monte Santo de Minas - MG,2020,-21.188734,-46.94681,895,106.60000069936116,14.583333333333334,26.666666666666668,Sul/Sudoeste De Minas
12677.0,Monte Santo de Minas - MG,2021,-21.188734,-46.94681,895,90.13333249092102,14.416666666666666,26.583333333333332,Sul/Sudoeste De Minas
13656.0,Monte Santo de Minas - MG,2022,-21.188734,-46.94681,895,115.56666765610377,14.333333333333334,26.083333333333332,Sul/Sudoeste De Minas
16079.0,Monte Santo de Minas - MG,2023,-21.188734,-46.94681,895,119.76666569709778,15.25,26.916666666666668,Sul/Sudoeste De Minas
3838.0,Monte Sião - MG,2019,-22.419991,-46.519485,846,100.80833419164021,14.583333333333334,26.333333333333332,Sul/Sudoeste De Minas
4320.0,Monte Sião - MG,2020,-22.419991,-46.519485,846,98.49166674415271,14.0,26.083333333333332,Sul/Sudoeste De Minas
2775.0,Monte Sião - MG,2021,-22.419991,-46.519485,846,83.65833274523418,13.583333333333334,25.75,Sul/Sudoeste De Minas
2052.0,Monte Sião - MG,2022,-22.419991,-46.519485,846,104.10000065962474,13.833333333333334,25.583333333333332,Sul/Sudoeste De Minas
3000.0,Monte Sião - MG,2023,-22.419991,-46.519485,846,112.32499821980794,14.666666666666666,26.5,Sul/Sudoeste De Minas
10823.0,Mutum - MG,2019,-19.919064,-41.446988,446,92.50833463668823,15.666666666666666,28.166666666666668,Vale Do Rio Doce
12375.0,Mutum - MG,2020,-19.919064,-41.446988,446,129.84166622161865,15.5,27.0,Vale Do Rio Doce
8833.0,Mutum - MG,2021,-19.919064,-41.446988,446,113.23333517710368,15.166666666666666,27.0,Vale Do Rio Doce
9287.0,Mutum - MG,2022,-19.919064,-41.446988,446,116.92499987284343,15.25,27.0,Vale Do Rio Doce
6890.0,Mutum - MG,2023,-19.919064,-41.446988,446,74.39166688919067,16.25,27.666666666666668,Vale Do Rio Doce
16863.0,Muzambinho - MG,2019,-21.355834,-46.516479,983,107.02500033378601,14.083333333333334,26.5,Sul/Sudoeste De Minas
13507.0,Muzambinho - MG,2020,-21.355834,-46.516479,983,109.79166608055432,13.583333333333334,26.416666666666668,Sul/Sudoeste De Minas
7712.0,Muzambinho - MG,2021,-21.355834,-46.516479,983,93.03333326180775,13.333333333333334,26.166666666666668,Sul/Sudoeste De Minas
9590.0,Muzambinho - MG,2022,-21.355834,-46.516479,983,117.79999951521556,13.416666666666666,26.083333333333332,Sul/Sudoeste De Minas
10080.0,Muzambinho - MG,2023,-21.355834,-46.516479,983,119.21666812896729,14.25,26.75,Sul/Sudoeste De Minas
3571.0,Natércia - MG,2019,-22.130088,-45.512283,1006,116.18333188692729,13.583333333333334,27.166666666666668,Sul/Sudoeste De Minas
3571.0,Natércia - MG,2020,-22.130088,-45.512283,1006,116.88333300749461,13.166666666666666,26.75,Sul/Sudoeste De Minas
3571.0,Natércia - MG,2021,-22.130088,-45.512283,1006,99.86666683355968,12.666666666666666,26.416666666666668,Sul/Sudoeste De Minas
3571.0,Natércia - MG,2022,-22.130088,-45.512283,1006,116.74166721105576,12.833333333333334,26.416666666666668,Sul/Sudoeste De Minas
3720.0,Natércia - MG,2023,-22.130088,-45.512283,1006,116.82500052452087,13.75,27.333333333333332,Sul/Sudoeste De Minas
3310.0,Nazareno - MG,2019,-21.204194,-44.614828,948,115.34166534741719,14.666666666666666,27.083333333333332,Campo Das Vertentes
4137.0,Nazareno - MG,2020,-21.204194,-44.614828,948,153.45833233992258,14.0,26.75,Campo Das Vertentes
3150.0,Nazareno - MG,2021,-21.204194,-44.614828,948,128.91666662693024,13.666666666666666,26.416666666666668,Campo Das Vertentes
2798.0,Nazareno - MG,2022,-21.204194,-44.614828,948,142.00833376248679,13.75,26.5,Campo Das Vertentes
3307.0,Nazareno - MG,2023,-21.204194,-44.614828,948,115.51666593551636,14.5,27.25,Campo Das Vertentes
15345.0,Nepomuceno - MG,2019,-21.22794,-45.260922,845,103.14999914169312,14.583333333333334,27.75,Campo Das Vertentes
22620.0,Nepomuceno - MG,2020,-21.22794,-45.260922,845,129.80833534399667,14.083333333333334,27.416666666666668,Campo Das Vertentes
14807.0,Nepomuceno - MG,2021,-21.22794,-45.260922,845,111.29166464010875,13.833333333333334,27.333333333333332,Campo Das Vertentes
7508.0,Nepomuceno - MG,2022,-21.22794,-45.260922,845,123.34166761239369,13.666666666666666,27.166666666666668,Campo Das Vertentes
18101.0,Nepomuceno - MG,2023,-21.22794,-45.260922,845,111.96666479110718,14.666666666666666,28.0,Campo Das Vertentes
3097.0,Ninheira - MG,2019,-15.368056,-41.659878,869,38.78333373864492,15.25,27.75,Norte De Minas
3441.0,Ninheira - MG,2020,-15.368056,-41.659878,869,77.70833309491475,15.416666666666666,26.916666666666668,Norte De Minas
3415.0,Ninheira - MG,2021,-15.368056,-41.659878,869,76.49166669448216,14.75,26.75,Norte De Minas
4910.0,Ninheira - MG,2022,-15.368056,-41.659878,869,66.67499995231628,14.916666666666666,26.75,Norte De Minas
5001.0,Ninheira - MG,2023,-15.368056,-41.659878,869,51.95000012715658,15.5,27.5,Norte De Minas
1125.0,Nova Belém - MG,2019,-18.488023,-41.102327,565,79.75833257039388,16.5,28.416666666666668,Vale Do Rio Doce
5500.0,Nova Belém - MG,2020,-18.488023,-41.102327,565,114.97499910990398,16.5,27.583333333333332,Vale Do Rio Doce
5000.0,Nova Belém - MG,2021,-18.488023,-41.102327,565,100.10833215713501,16.0,27.25,Vale Do Rio Doce
4800.0,Nova Belém - MG,2022,-18.488023,-41.102327,565,113.67499923706055,16.166666666666668,27.083333333333332,Vale Do Rio Doce
4800.0,Nova Belém - MG,2023,-18.488023,-41.102327,565,73.00833415985107,16.833333333333332,28.0,Vale Do Rio Doce
26078.0,Nova Resende - MG,2019,-21.097964,-46.415803,1164,111.10833303133647,13.666666666666666,25.75,Sul/Sudoeste De Minas
25194.0,Nova Resende - MG,2020,-21.097964,-46.415803,1164,120.04166662693024,13.0,25.5,Sul/Sudoeste De Minas
17584.0,Nova Resende - MG,2021,-21.097964,-46.415803,1164,100.183332045873,12.75,25.25,Sul/Sudoeste De Minas
18270.0,Nova Resende - MG,2022,-21.097964,-46.415803,1164,125.41666607062022,13.0,25.083333333333332,Sul/Sudoeste De Minas
21372.0,Nova Resende - MG,2023,-21.097964,-46.415803,1164,122.93333192666371,13.916666666666666,25.916666666666668,Sul/Sudoeste De Minas
8112.0,Oliveira - MG,2019,-20.749934,-44.73591,955,109.35833223660786,14.5,26.833333333333332,Oeste De Minas
12306.0,Oliveira - MG,2020,-20.749934,-44.73591,955,145.75000021855035,13.916666666666666,26.416666666666668,Oeste De Minas
9742.0,Oliveira - MG,2021,-20.749934,-44.73591,955,125.8999983270963,13.416666666666666,26.333333333333332,Oeste De Minas
10342.0,Oliveira - MG,2022,-20.749934,-44.73591,955,142.70833245913187,13.5,26.25,Oeste De Minas
12832.0,Oliveira - MG,2023,-20.749934,-44.73591,955,115.37500015894572,14.333333333333334,26.916666666666668,Oeste De Minas
6320.0,Orizânia - MG,2019,-20.514718,-42.212731,779,99.25000127156575,12.583333333333334,26.083333333333332,Zona Da Mata
6854.0,Orizânia - MG,2020,-20.514718,-42.212731,779,141.39166712760925,12.333333333333334,25.333333333333332,Zona Da Mata
4212.0,Orizânia - MG,2021,-20.514718,-42.212731,779,120.17499951521556,11.916666666666666,25.166666666666668,Zona Da Mata
6225.0,Orizânia - MG,2022,-20.514718,-42.212731,779,126.55833156903584,12.083333333333334,25.083333333333332,Zona Da Mata
4980.0,Orizânia - MG,2023,-20.514718,-42.212731,779,82.30833375453949,12.833333333333334,25.833333333333332,Zona Da Mata
6687.0,Ouro Fino - MG,2019,-22.254642,-46.38414,939,105.46666638056438,14.5,26.75,Sul/Sudoeste De Minas
10508.0,Ouro Fino - MG,2020,-22.254642,-46.38414,939,104.00833474596341,13.916666666666666,26.5,Sul/Sudoeste De Minas
3900.0,Ouro Fino - MG,2021,-22.254642,-46.38414,939,90.0750002861023,13.666666666666666,26.083333333333332,Sul/Sudoeste De Minas
4800.0,Ouro Fino - MG,2022,-22.254642,-46.38414,939,111.70833253860474,13.75,26.0,Sul/Sudoeste De Minas
8232.0,Ouro Fino - MG,2023,-22.254642,-46.38414,939,118.10833239555359,14.333333333333334,26.5,Sul/Sudoeste De Minas
3600.0,Paracatu - MG,2019,-17.172809,-46.884319,717,90.53333253661792,17.333333333333332,30.25,Noroeste De Minas
5130.0,Paracatu - MG,2020,-17.172809,-46.884319,717,121.74999958276749,17.0,29.75,Noroeste De Minas
3600.0,Paracatu - MG,2021,-17.172809,-46.884319,717,124.34166616201401,16.583333333333332,29.75,Noroeste De Minas
3720.0,Paracatu - MG,2022,-17.172809,-46.884319,717,114.06666684150696,16.666666666666668,29.416666666666668,Noroeste De Minas
3708.0,Paracatu - MG,2023,-17.172809,-46.884319,717,101.39166637261708,17.333333333333332,30.333333333333332,Noroeste De Minas
10756.0,Paraguaçu - MG,2019,-21.56714,-45.749803,878,112.63333384195964,14.25,28.0,Sul/Sudoeste De Minas
21189.0,Paraguaçu - MG,2020,-21.56714,-45.749803,878,117.6499992609024,13.916666666666666,27.583333333333332,Sul/Sudoeste De Minas
5536.0,Paraguaçu - MG,2021,-21.56714,-45.749803,878,104.21666673819225,13.333333333333334,27.5,Sul/Sudoeste De Minas
9239.0,Paraguaçu - MG,2022,-21.56714,-45.749803,878,120.67500027020772,13.916666666666666,27.333333333333332,Sul/Sudoeste De Minas
12918.0,Paraguaçu - MG,2023,-21.56714,-45.749803,878,117.23333319028218,14.75,28.083333333333332,Sul/Sudoeste De Minas
4368.0,Passos - MG,2019,-20.718523,-46.622142,773,104.81666628519694,15.75,28.333333333333332,Sul/Sudoeste De Minas
4536.0,Passos - MG,2020,-20.718523,-46.622142,773,121.31666678190231,15.166666666666666,27.833333333333332,Sul/Sudoeste De Minas
3069.0,Passos - MG,2021,-20.718523,-46.622142,773,101.34999883174896,15.083333333333334,27.666666666666668,Sul/Sudoeste De Minas
3367.0,Passos - MG,2022,-20.718523,-46.622142,773,125.24999875823657,15.0,27.5,Sul/Sudoeste De Minas
5526.0,Passos - MG,2023,-20.718523,-46.622142,773,120.23333366711934,15.666666666666666,28.5,Sul/Sudoeste De Minas
10044.0,Patos de Minas - MG,2019,-18.596934,-46.507878,842,97.15833429495494,17.25,28.833333333333332,Triângulo Mineiro/Alto Paranaíba
17437.0,Patos de Minas - MG,2020,-18.596934,-46.507878,842,130.2166666686535,16.833333333333332,28.5,Triângulo Mineiro/Alto Paranaíba
15717.0,Patos de Minas - MG,2021,-18.596934,-46.507878,842,113.14166414737701,16.333333333333332,28.333333333333332,Triângulo Mineiro/Alto Paranaíba
16910.0,Patos de Minas - MG,2022,-18.596934,-46.507878,842,128.19166431824365,16.416666666666668,28.0,Triângulo Mineiro/Alto Paranaíba
16354.0,Patos de Minas - MG,2023,-18.596934,-46.507878,842,117.25833384195964,17.25,28.916666666666668,Triângulo Mineiro/Alto Paranaíba
56640.0,Patrocínio - MG,2019,-18.970615,-47.051217,909,103.04166585206985,16.333333333333332,28.083333333333332,Triângulo Mineiro/Alto Paranaíba
76204.0,Patrocínio - MG,2020,-18.970615,-47.051217,909,130.41666598121324,15.833333333333334,27.833333333333332,Triângulo Mineiro/Alto Paranaíba
60486.0,Patrocínio - MG,2021,-18.970615,-47.051217,909,113.9999998609225,15.666666666666666,27.583333333333332,Triângulo Mineiro/Alto Paranaíba
34859.0,Patrocínio - MG,2022,-18.970615,-47.051217,909,136.72500188151994,15.5,27.166666666666668,Triângulo Mineiro/Alto Paranaíba
105109.0,Patrocínio - MG,2023,-18.970615,-47.051217,909,125.09999865293503,16.333333333333332,28.0,Triângulo Mineiro/Alto Paranaíba
5280.0,Pedra Bonita - MG,2019,-20.476902,-42.375266,885,99.84166526794434,12.833333333333334,26.083333333333332,Zona Da Mata
7047.0,Pedra Bonita - MG,2020,-20.476902,-42.375266,885,142.6833348274231,12.5,25.416666666666668,Zona Da Mata
4050.0,Pedra Bonita - MG,2021,-20.476902,-42.375266,885,121.05000225702922,12.0,25.166666666666668,Zona Da Mata
6750.0,Pedra Bonita - MG,2022,-20.476902,-42.375266,885,128.91666706403097,12.25,25.083333333333332,Zona Da Mata
4050.0,Pedra Bonita - MG,2023,-20.476902,-42.375266,885,84.11666671435039,13.0,25.833333333333332,Zona Da Mata
3900.0,Pedralva - MG,2019,-22.249723,-45.453994,915,118.08333333333333,13.5,26.833333333333332,Sul/Sudoeste De Minas
4368.0,Pedralva - MG,2020,-22.249723,-45.453994,915,117.53333171208699,12.666666666666666,26.333333333333332,Sul/Sudoeste De Minas
3864.0,Pedralva - MG,2021,-22.249723,-45.453994,915,99.85000169277191,12.416666666666666,26.166666666666668,Sul/Sudoeste De Minas
2891.0,Pedralva - MG,2022,-22.249723,-45.453994,915,116.72500177224477,12.75,26.0,Sul/Sudoeste De Minas
4247.0,Pedralva - MG,2023,-22.249723,-45.453994,915,117.17499891916911,13.666666666666666,26.916666666666668,Sul/Sudoeste De Minas
8705.0,Perdizes - MG,2019,-19.400156,-47.196016,949,103.42499860127766,16.0,27.666666666666668,Triângulo Mineiro/Alto Paranaíba
15771.0,Perdizes - MG,2020,-19.400156,-47.196016,949,130.72500049074492,15.583333333333334,27.083333333333332,Triângulo Mineiro/Alto Paranaíba
8867.0,Perdizes - MG,2021,-19.400156,-47.196016,949,111.25000065565109,15.166666666666666,26.916666666666668,Triângulo Mineiro/Alto Paranaíba
8257.0,Perdizes - MG,2022,-19.400156,-47.196016,949,139.39167015751204,15.333333333333334,26.916666666666668,Triângulo Mineiro/Alto Paranaíba
10448.0,Perdizes - MG,2023,-19.400156,-47.196016,949,127.98333275318146,16.083333333333332,27.75,Triângulo Mineiro/Alto Paranaíba
5185.0,Perdões - MG,2019,-21.075706,-45.064482,922,109.87499968210857,14.583333333333334,27.0,Oeste De Minas
6528.0,Perdões - MG,2020,-21.075706,-45.064482,922,141.00833455721536,14.0,26.833333333333332,Oeste De Minas
3370.0,Perdões - MG,2021,-21.075706,-45.064482,922,121.44166600704193,13.833333333333334,26.416666666666668,Oeste De Minas
3578.0,Perdões - MG,2022,-21.075706,-45.064482,922,134.55833419164023,13.916666666666666,26.333333333333332,Oeste De Minas
5611.0,Perdões - MG,2023,-21.075706,-45.064482,922,117.04166714350383,14.5,27.333333333333332,Oeste De Minas
2736.0,Piedade de Caratinga - MG,2019,-19.763255,-42.044793,838,93.225000222524,13.75,26.583333333333332,Vale Do Rio Doce
4536.0,Piedade de Caratinga - MG,2020,-19.763255,-42.044793,838,137.0000013510386,13.333333333333334,25.916666666666668,Vale Do Rio Doce
3168.0,Piedade de Caratinga - MG,2021,-19.763255,-42.044793,838,118.233334004879,12.833333333333334,25.916666666666668,Vale Do Rio Doce
5304.0,Piedade de Caratinga - MG,2022,-19.763255,-42.044793,838,123.76666645208995,13.166666666666666,25.416666666666668,Vale Do Rio Doce
8400.0,Piedade de Caratinga - MG,2023,-19.763255,-42.044793,838,81.21666729450226,14.083333333333334,26.25,Vale Do Rio Doce
3120.0,Pimenta - MG,2019,-20.530054,-45.83116,827,101.1749993165334,14.916666666666666,28.166666666666668,Oeste De Minas
3744.0,Pimenta - MG,2020,-20.530054,-45.83116,827,125.85833221673965,14.25,27.75,Oeste De Minas
2903.0,Pimenta - MG,2021,-20.530054,-45.83116,827,103.09166828791301,14.25,27.5,Oeste De Minas
2903.0,Pimenta - MG,2022,-20.530054,-45.83116,827,124.92500064770381,14.083333333333334,27.416666666666668,Oeste De Minas
3234.0,Pimenta - MG,2023,-20.530054,-45.83116,827,111.66666467984517,14.916666666666666,28.166666666666668,Oeste De Minas
2700.0,Pirapora - MG,2019,-17.393562,-44.867472,546,60.71666660904884,17.083333333333332,31.25,Norte De Minas
3204.0,Pirapora - MG,2020,-17.393562,-44.867472,546,96.55000021060307,17.166666666666668,30.583333333333332,Norte De Minas
2670.0,Pirapora - MG,2021,-17.393562,-44.867472,546,91.49166628718376,16.5,30.5,Norte De Minas
2990.0,Pirapora - MG,2022,-17.393562,-44.867472,546,88.2916669100523,16.666666666666668,30.416666666666668,Norte De Minas
3204.0,Pirapora - MG,2023,-17.393562,-44.867472,546,74.4083321293195,17.416666666666668,31.083333333333332,Norte De Minas
14921.0,Piumhi - MG,2019,-20.44148,-46.050551,775,102.94166684150696,14.666666666666666,28.333333333333332,Oeste De Minas
21047.0,Piumhi - MG,2020,-20.44148,-46.050551,775,127.75833199421565,14.166666666666666,28.083333333333332,Oeste De Minas
15825.0,Piumhi - MG,2021,-20.44148,-46.050551,775,104.30000003178914,14.083333333333334,27.75,Oeste De Minas
13656.0,Piumhi - MG,2022,-20.44148,-46.050551,775,127.86666709184647,14.0,27.5,Oeste De Minas
18983.0,Piumhi - MG,2023,-20.44148,-46.050551,775,114.64166744550069,14.75,28.5,Oeste De Minas
9375.0,Poço Fundo - MG,2019,-21.805965,-45.993289,920,117.44999853769939,14.416666666666666,27.583333333333332,Sul/Sudoeste De Minas
13574.0,Poço Fundo - MG,2020,-21.805965,-45.993289,920,112.26666655143102,14.0,27.25,Sul/Sudoeste De Minas
8945.0,Poço Fundo - MG,2021,-21.805965,-45.993289,920,101.91666615009308,13.666666666666666,26.75,Sul/Sudoeste De Minas
10249.0,Poço Fundo - MG,2022,-21.805965,-45.993289,920,122.49999829133351,14.0,26.75,Sul/Sudoeste De Minas
12703.0,Poço Fundo - MG,2023,-21.805965,-45.993289,920,123.31666453679402,14.75,27.583333333333332,Sul/Sudoeste De Minas
3240.0,Poços de Caldas - MG,2019,-21.807874,-46.563165,1273,118.38333241144817,13.166666666666666,25.416666666666668,Sul/Sudoeste De Minas
6300.0,Poços de Caldas - MG,2020,-21.807874,-46.563165,1273,116.15833379824956,12.75,25.083333333333332,Sul/Sudoeste De Minas
4970.0,Poços de Caldas - MG,2021,-21.807874,-46.563165,1273,99.20000052452087,12.5,24.916666666666668,Sul/Sudoeste De Minas
3533.0,Poços de Caldas - MG,2022,-21.807874,-46.563165,1273,126.14166565736134,12.5,24.75,Sul/Sudoeste De Minas
4575.0,Poços de Caldas - MG,2023,-21.807874,-46.563165,1273,132.18333220481873,13.25,25.583333333333332,Sul/Sudoeste De Minas
3741.0,Pratinha - MG,2019,-19.759969,-46.402535,1123,107.49999936421712,14.333333333333334,26.166666666666668,Triângulo Mineiro/Alto Paranaíba
5250.0,Pratinha - MG,2020,-19.759969,-46.402535,1123,137.67499752839407,13.75,26.083333333333332,Triângulo Mineiro/Alto Paranaíba
4374.0,Pratinha - MG,2021,-19.759969,-46.402535,1123,114.97499946753184,13.416666666666666,25.833333333333332,Triângulo Mineiro/Alto Paranaíba
6158.0,Pratinha - MG,2022,-19.759969,-46.402535,1123,144.0666672786077,13.416666666666666,25.666666666666668,Triângulo Mineiro/Alto Paranaíba
8520.0,Pratinha - MG,2023,-19.759969,-46.402535,1123,125.09999859333038,14.166666666666666,26.416666666666668,Triângulo Mineiro/Alto Paranaíba
9384.0,Presidente Olegário - MG,2019,-18.239195,-46.336133,759,96.27500094970067,17.333333333333332,29.583333333333332,Noroeste De Minas
10026.0,Presidente Olegário - MG,2020,-18.239195,-46.336133,759,133.14166672031084,16.916666666666668,29.083333333333332,Noroeste De Minas
8546.0,Presidente Olegário - MG,2021,-18.239195,-46.336133,759,118.93333329757054,16.583333333333332,29.0,Noroeste De Minas
9412.0,Presidente Olegário - MG,2022,-18.239195,-46.336133,759,125.76667014757793,16.416666666666668,28.75,Noroeste De Minas
11578.0,Presidente Olegário - MG,2023,-18.239195,-46.336133,759,116.40833417574565,17.166666666666668,29.333333333333332,Noroeste De Minas
7500.0,Alto Jequitibá - MG,2019,-20.436722,-41.947771,660,95.22499879201253,13.5,27.166666666666668,Zona Da Mata
9900.0,Alto Jequitibá - MG,2020,-20.436722,-41.947771,660,133.90000112851462,13.166666666666666,26.416666666666668,Zona Da Mata
4500.0,Alto Jequitibá - MG,2021,-20.436722,-41.947771,660,116.19166612625122,12.833333333333334,26.166666666666668,Zona Da Mata
4500.0,Alto Jequitibá - MG,2022,-20.436722,-41.947771,660,120.025000055631,13.083333333333334,26.166666666666668,Zona Da Mata
5400.0,Alto Jequitibá - MG,2023,-20.436722,-41.947771,660,77.20833198229472,13.916666666666666,27.0,Zona Da Mata
5436.0,Raul Soares - MG,2019,-20.013053,-42.390324,447,88.49166691303253,16.666666666666668,29.333333333333332,Zona Da Mata
6310.0,Raul Soares - MG,2020,-20.013053,-42.390324,447,128.84166757265726,16.0,28.666666666666668,Zona Da Mata
6640.0,Raul Soares - MG,2021,-20.013053,-42.390324,447,111.64999910195668,15.833333333333334,28.333333333333332,Zona Da Mata
3721.0,Raul Soares - MG,2022,-20.013053,-42.390324,447,119.02499999602635,16.0,28.083333333333332,Zona Da Mata
5970.0,Raul Soares - MG,2023,-20.013053,-42.390324,447,75.48333418369293,16.583333333333332,29.0,Zona Da Mata
3389.0,Reduto - MG,2019,-20.238192,-41.940152,805,93.37499936421712,14.25,27.583333333333332,Zona Da Mata
5130.0,Reduto - MG,2020,-20.238192,-41.940152,805,132.85000069936117,14.083333333333334,26.833333333333332,Zona Da Mata
3840.0,Reduto - MG,2021,-20.238192,-41.940152,805,115.84166812896729,13.666666666666666,26.833333333333332,Zona Da Mata
4259.0,Reduto - MG,2022,-20.238192,-41.940152,805,119.12500135103862,13.833333333333334,26.583333333333332,Zona Da Mata
2880.0,Reduto - MG,2023,-20.238192,-41.940152,805,77.9333341519038,14.416666666666666,27.416666666666668,Zona Da Mata
16218.0,Rio Paranaíba - MG,2019,-19.240006,-46.298857,941,101.49166671435039,15.75,28.083333333333332,Triângulo Mineiro/Alto Paranaíba
24486.0,Rio Paranaíba - MG,2020,-19.240006,-46.298857,941,135.49166723092398,15.083333333333334,27.666666666666668,Triângulo Mineiro/Alto Paranaíba
13765.0,Rio Paranaíba - MG,2021,-19.240006,-46.298857,941,113.36666776736577,14.75,27.583333333333332,Triângulo Mineiro/Alto Paranaíba
15646.0,Rio Paranaíba - MG,2022,-19.240006,-46.298857,941,138.48333235581717,15.0,27.5,Triângulo Mineiro/Alto Paranaíba
24606.0,Rio Paranaíba - MG,2023,-19.240006,-46.298857,941,122.11666758855183,15.666666666666666,28.166666666666668,Triângulo Mineiro/Alto Paranaíba
13860.0,Romaria - MG,2019,-18.903545,-47.562638,949,104.44999988873799,16.25,27.583333333333332,Triângulo Mineiro/Alto Paranaíba
12120.0,Romaria - MG,2020,-18.903545,-47.562638,949,127.69166695078214,15.666666666666666,27.166666666666668,Triângulo Mineiro/Alto Paranaíba
11700.0,Romaria - MG,2021,-18.903545,-47.562638,949,117.17499932646751,15.25,27.083333333333332,Triângulo Mineiro/Alto Paranaíba
14520.0,Romaria - MG,2022,-18.903545,-47.562638,949,136.62500231464705,15.333333333333334,26.916666666666668,Triângulo Mineiro/Alto Paranaíba
12150.0,Romaria - MG,2023,-18.903545,-47.562638,949,128.87500021855035,16.083333333333332,27.833333333333332,Triângulo Mineiro/Alto Paranaíba
2586.0,Sacramento - MG,2019,-19.904594,-47.26639,1082,104.43333252271016,15.416666666666666,26.166666666666668,Triângulo Mineiro/Alto Paranaíba
4104.0,Sacramento - MG,2020,-19.904594,-47.26639,1082,129.0916676322619,14.916666666666666,25.916666666666668,Triângulo Mineiro/Alto Paranaíba
2239.0,Sacramento - MG,2021,-19.904594,-47.26639,1082,106.45000050465266,14.416666666666666,25.75,Triângulo Mineiro/Alto Paranaíba
3489.0,Sacramento - MG,2022,-19.904594,-47.26639,1082,136.70000040531158,14.5,25.583333333333332,Triângulo Mineiro/Alto Paranaíba
3990.0,Sacramento - MG,2023,-19.904594,-47.26639,1082,128.08333428700766,15.166666666666666,26.25,Triângulo Mineiro/Alto Paranaíba
3406.0,Santa Bárbara do Leste - MG,2019,-19.945214,-42.106748,941,94.9166653951009,13.416666666666666,26.166666666666668,Vale Do Rio Doce
4231.0,Santa Bárbara do Leste - MG,2020,-19.945214,-42.106748,941,138.33333293596903,12.833333333333334,25.333333333333332,Vale Do Rio Doce
2558.0,Santa Bárbara do Leste - MG,2021,-19.945214,-42.106748,941,119.49166858196259,12.833333333333334,25.166666666666668,Vale Do Rio Doce
3308.0,Santa Bárbara do Leste - MG,2022,-19.945214,-42.106748,941,124.94166775544484,13.0,25.0,Vale Do Rio Doce
3402.0,Santa Bárbara do Leste - MG,2023,-19.945214,-42.106748,941,81.74166679382324,13.583333333333334,25.75,Vale Do Rio Doce
12000.0,Santa Margarida - MG,2019,-20.428378,-42.266046,894,96.50000015894572,13.333333333333334,26.916666666666668,Zona Da Mata
18000.0,Santa Margarida - MG,2020,-20.428378,-42.266046,894,138.6499980290731,12.916666666666666,26.166666666666668,Zona Da Mata
9000.0,Santa Margarida - MG,2021,-20.428378,-42.266046,894,118.54166543483734,12.666666666666666,26.083333333333332,Zona Da Mata
14214.0,Santa Margarida - MG,2022,-20.428378,-42.266046,894,124.95833313465118,13.0,26.0,Zona Da Mata
14520.0,Santa Margarida - MG,2023,-20.428378,-42.266046,894,80.7583331267039,13.583333333333334,26.75,Zona Da Mata
6433.0,Santana da Vargem - MG,2019,-21.270715,-45.505348,821,104.20000036557515,14.416666666666666,27.75,Sul/Sudoeste De Minas
9657.0,Santana da Vargem - MG,2020,-21.270715,-45.505348,821,126.26666756470998,13.666666666666666,27.333333333333332,Sul/Sudoeste De Minas
7776.0,Santana da Vargem - MG,2021,-21.270715,-45.505348,821,107.05000003178914,13.25,27.416666666666668,Sul/Sudoeste De Minas
4297.0,Santana da Vargem - MG,2022,-21.270715,-45.505348,821,120.77500180403392,13.583333333333334,27.25,Sul/Sudoeste De Minas
7789.0,Santana da Vargem - MG,2023,-21.270715,-45.505348,821,112.57499853769939,14.5,28.0,Sul/Sudoeste De Minas
8850.0,Santana do Manhuaçu - MG,2019,-20.056019,-41.892665,608,89.89166720708211,15.166666666666666,28.333333333333332,Zona Da Mata
12060.0,Santana do Manhuaçu - MG,2020,-20.056019,-41.892665,608,128.70000076293945,14.916666666666666,27.416666666666668,Zona Da Mata
9240.0,Santana do Manhuaçu - MG,2021,-20.056019,-41.892665,608,112.41666815678279,14.416666666666666,27.25,Zona Da Mata
9072.0,Santana do Manhuaçu - MG,2022,-20.056019,-41.892665,608,116.07499996821086,14.916666666666666,27.25,Zona Da Mata
9636.0,Santana do Manhuaçu - MG,2023,-20.056019,-41.892665,608,75.19999992847443,15.416666666666666,27.916666666666668,Zona Da Mata
2864.0,Santa Rita do Itueto - MG,2019,-19.412615,-41.38835,210,86.34166526794434,16.5,28.416666666666668,Vale Do Rio Doce
3540.0,Santa Rita do Itueto - MG,2020,-19.412615,-41.38835,210,125.4500002861023,16.5,27.833333333333332,Vale Do Rio Doce
2346.0,Santa Rita do Itueto - MG,2021,-19.412615,-41.38835,210,107.43333236376445,15.833333333333334,27.666666666666668,Vale Do Rio Doce
2952.0,Santa Rita do Itueto - MG,2022,-19.412615,-41.38835,210,116.55000011126201,16.333333333333332,27.333333333333332,Vale Do Rio Doce
2760.0,Santa Rita do Itueto - MG,2023,-19.412615,-41.38835,210,72.4416663646698,16.916666666666668,28.333333333333332,Vale Do Rio Doce
7500.0,Santa Rita do Sapucaí - MG,2019,-22.237004,-45.682438,1017,113.00000111262004,13.75,27.25,Sul/Sudoeste De Minas
7560.0,Santa Rita do Sapucaí - MG,2020,-22.237004,-45.682438,1017,112.74999898672104,13.5,26.833333333333332,Sul/Sudoeste De Minas
5700.0,Santa Rita do Sapucaí - MG,2021,-22.237004,-45.682438,1017,96.61666623751323,13.083333333333334,26.416666666666668,Sul/Sudoeste De Minas
4332.0,Santa Rita do Sapucaí - MG,2022,-22.237004,-45.682438,1017,115.04166718324025,13.25,26.5,Sul/Sudoeste De Minas
5244.0,Santa Rita do Sapucaí - MG,2023,-22.237004,-45.682438,1017,117.75833225250244,14.0,27.25,Sul/Sudoeste De Minas
4536.0,Santa Rosa da Serra - MG,2019,-19.56218,-46.000063,907,103.20000080267589,14.583333333333334,27.25,Triângulo Mineiro/Alto Paranaíba
7245.0,Santa Rosa da Serra - MG,2020,-19.56218,-46.000063,907,136.74166882038116,14.166666666666666,26.833333333333332,Triângulo Mineiro/Alto Paranaíba
5400.0,Santa Rosa da Serra - MG,2021,-19.56218,-46.000063,907,113.09999924898148,13.75,26.666666666666668,Triângulo Mineiro/Alto Paranaíba
8214.0,Santa Rosa da Serra - MG,2022,-19.56218,-46.000063,907,139.64999783039093,14.0,26.583333333333332,Triângulo Mineiro/Alto Paranaíba
5880.0,Santa Rosa da Serra - MG,2023,-19.56218,-46.000063,907,121.09166709582011,14.75,27.333333333333332,Triângulo Mineiro/Alto Paranaíba
12231.0,Santo Antônio do Amparo - MG,2019,-20.916237,-44.942655,990,113.16666674613953,14.416666666666666,26.916666666666668,Oeste De Minas
15750.0,Santo Antônio do Amparo - MG,2020,-20.916237,-44.942655,990,147.98333617051443,13.833333333333334,26.416666666666668,Oeste De Minas
9729.0,Santo Antônio do Amparo - MG,2021,-20.916237,-44.942655,990,127.96666514873505,13.5,26.25,Oeste De Minas
9387.0,Santo Antônio do Amparo - MG,2022,-20.916237,-44.942655,990,142.79166706403097,13.583333333333334,26.166666666666668,Oeste De Minas
13410.0,Santo Antônio do Amparo - MG,2023,-20.916237,-44.942655,990,120.27499930063884,14.25,26.916666666666668,Oeste De Minas
2705.0,São Domingos das Dores - MG,2019,-19.524598,-42.030601,800,89.24166742960612,14.916666666666666,27.583333333333332,Vale Do Rio Doce
3276.0,São Domingos das Dores - MG,2020,-19.524598,-42.030601,800,132.74166639645895,14.75,26.916666666666668,Vale Do Rio Doce
2160.0,São Domingos das Dores - MG,2021,-19.524598,-42.030601,800,114.64166714747746,14.416666666666666,26.666666666666668,Vale Do Rio Doce
3000.0,São Domingos das Dores - MG,2022,-19.524598,-42.030601,800,120.74166504542033,14.583333333333334,26.75,Vale Do Rio Doce
3305.0,São Domingos das Dores - MG,2023,-19.524598,-42.030601,800,79.37500027815501,15.25,27.25,Vale Do Rio Doce
3936.0,São Francisco de Paula - MG,2019,-20.716684,-44.995379,941,106.3666684627533,14.583333333333334,27.416666666666668,Oeste De Minas
4374.0,São Francisco de Paula - MG,2020,-20.716684,-44.995379,941,139.20000125964484,13.916666666666666,27.083333333333332,Oeste De Minas
3654.0,São Francisco de Paula - MG,2021,-20.716684,-44.995379,941,121.02500017484029,13.583333333333334,26.75,Oeste De Minas
4617.0,São Francisco de Paula - MG,2022,-20.716684,-44.995379,941,136.5083347360293,13.75,26.583333333333332,Oeste De Minas
4446.0,São Francisco de Paula - MG,2023,-20.716684,-44.995379,941,114.62499896685283,14.333333333333334,27.25,Oeste De Minas
7275.0,São Gonçalo do Sapucaí - MG,2019,-21.911248,-45.594878,848,115.09999910990398,14.0,27.583333333333332,Sul/Sudoeste De Minas
13440.0,São Gonçalo do Sapucaí - MG,2020,-21.911248,-45.594878,848,116.70000167687733,13.583333333333334,27.333333333333332,Sul/Sudoeste De Minas
11016.0,São Gonçalo do Sapucaí - MG,2021,-21.911248,-45.594878,848,102.25000162919362,13.166666666666666,26.916666666666668,Sul/Sudoeste De Minas
9612.0,São Gonçalo do Sapucaí - MG,2022,-21.911248,-45.594878,848,118.43333222468694,13.583333333333334,26.916666666666668,Sul/Sudoeste De Minas
10956.0,São Gonçalo do Sapucaí - MG,2023,-21.911248,-45.594878,848,116.51666752497356,14.5,27.75,Sul/Sudoeste De Minas
8719.0,São João do Manhuaçu - MG,2019,-20.369893,-42.153452,878,97.29166626930237,13.166666666666666,26.75,Zona Da Mata
11889.0,São João do Manhuaçu - MG,2020,-20.369893,-42.153452,878,139.09166399637857,12.916666666666666,26.083333333333332,Zona Da Mata
5931.0,São João do Manhuaçu - MG,2021,-20.369893,-42.153452,878,119.94999859730403,12.5,25.916666666666668,Zona Da Mata
8040.0,São João do Manhuaçu - MG,2022,-20.369893,-42.153452,878,125.03333381811778,12.666666666666666,25.75,Zona Da Mata
7200.0,São João do Manhuaçu - MG,2023,-20.369893,-42.153452,878,81.55000134309132,13.416666666666666,26.333333333333332,Zona Da Mata
4834.0,São José da Barra - MG,2019,-20.747417,-46.243967,780,103.2999997138977,15.083333333333334,27.5,Sul/Sudoeste De Minas
7332.0,São José da Barra - MG,2020,-20.747417,-46.243967,780,125.5416663090388,14.5,27.333333333333332,Sul/Sudoeste De Minas
4878.0,São José da Barra - MG,2021,-20.747417,-46.243967,780,102.44166715939839,14.25,27.083333333333332,Sul/Sudoeste De Minas
6000.0,São José da Barra - MG,2022,-20.747417,-46.243967,780,124.53333166241646,14.333333333333334,26.916666666666668,Sul/Sudoeste De Minas
8181.0,São José da Barra - MG,2023,-20.747417,-46.243967,780,115.58333277702332,15.25,27.666666666666668,Sul/Sudoeste De Minas
6561.0,São Pedro da União - MG,2019,-21.126927,-46.642052,1040,107.37500166893005,14.083333333333334,26.0,Sul/Sudoeste De Minas
7560.0,São Pedro da União - MG,2020,-21.126927,-46.642052,1040,112.52499811848004,13.416666666666666,25.833333333333332,Sul/Sudoeste De Minas
5387.0,São Pedro da União - MG,2021,-21.126927,-46.642052,1040,95.30833462874095,13.25,25.416666666666668,Sul/Sudoeste De Minas
5733.0,São Pedro da União - MG,2022,-21.126927,-46.642052,1040,121.23333382606506,13.166666666666666,25.25,Sul/Sudoeste De Minas
5160.0,São Pedro da União - MG,2023,-21.126927,-46.642052,1040,121.80000007152557,14.166666666666666,26.083333333333332,Sul/Sudoeste De Minas
7853.0,São Roque de Minas - MG,2019,-20.186971,-46.513446,1346,111.00833455721538,13.583333333333334,25.0,Oeste De Minas
9450.0,São Roque de Minas - MG,2020,-20.186971,-46.513446,1346,135.4750004609426,13.083333333333334,24.75,Oeste De Minas
5328.0,São Roque de Minas - MG,2021,-20.186971,-46.513446,1346,112.21666880448659,12.75,24.5,Oeste De Minas
6930.0,São Roque de Minas - MG,2022,-20.186971,-46.513446,1346,141.76666312416395,12.833333333333334,24.25,Oeste De Minas
9720.0,São Roque de Minas - MG,2023,-20.186971,-46.513446,1346,127.708331823349,13.75,25.416666666666668,Oeste De Minas
3750.0,São Sebastião do Anta - MG,2019,-19.50726,-41.957538,817,89.30000217755635,15.166666666666666,27.416666666666668,Vale Do Rio Doce
4140.0,São Sebastião do Anta - MG,2020,-19.50726,-41.957538,817,132.5333334604899,15.083333333333334,26.916666666666668,Vale Do Rio Doce
3450.0,São Sebastião do Anta - MG,2021,-19.50726,-41.957538,817,114.82499847809474,14.416666666666666,26.666666666666668,Vale Do Rio Doce
4068.0,São Sebastião do Anta - MG,2022,-19.50726,-41.957538,817,120.34166940053304,14.916666666666666,26.5,Vale Do Rio Doce
4028.0,São Sebastião do Anta - MG,2023,-19.50726,-41.957538,817,79.15000081062317,15.333333333333334,27.25,Vale Do Rio Doce
17302.0,São Sebastião do Paraíso - MG,2019,-20.922491,-47.006629,879,103.60000157356262,15.25,26.416666666666668,Sul/Sudoeste De Minas
23689.0,São Sebastião do Paraíso - MG,2020,-20.922491,-47.006629,879,111.53333364923795,14.75,26.25,Sul/Sudoeste De Minas
13868.0,São Sebastião do Paraíso - MG,2021,-20.922491,-47.006629,879,93.86666683355968,14.416666666666666,26.0,Sul/Sudoeste De Minas
13620.0,São Sebastião do Paraíso - MG,2022,-20.922491,-47.006629,879,119.39999933044116,14.416666666666666,25.75,Sul/Sudoeste De Minas
16229.0,São Sebastião do Paraíso - MG,2023,-20.922491,-47.006629,879,122.0500014225642,15.333333333333334,26.583333333333332,Sul/Sudoeste De Minas
12616.0,São Tomás de Aquino - MG,2019,-20.786033,-47.127153,930,102.15833266576131,15.916666666666666,26.833333333333332,Sul/Sudoeste De Minas
18612.0,São Tomás de Aquino - MG,2020,-20.786033,-47.127153,930,113.55833540360133,15.583333333333334,26.583333333333332,Sul/Sudoeste De Minas
9300.0,São Tomás de Aquino - MG,2021,-20.786033,-47.127153,930,94.25833262999852,15.333333333333334,26.416666666666668,Sul/Sudoeste De Minas
9750.0,São Tomás de Aquino - MG,2022,-20.786033,-47.127153,930,119.77500011523564,15.333333333333334,26.166666666666668,Sul/Sudoeste De Minas
10008.0,São Tomás de Aquino - MG,2023,-20.786033,-47.127153,930,122.58333345254262,16.0,26.916666666666668,Sul/Sudoeste De Minas
2880.0,Sericita - MG,2019,-20.492022,-42.458738,925,96.08333444595337,13.75,27.166666666666668,Zona Da Mata
14616.0,Sericita - MG,2020,-20.492022,-42.458738,925,137.00833455721536,13.5,26.416666666666668,Zona Da Mata
3870.0,Sericita - MG,2021,-20.492022,-42.458738,925,116.46666745344798,13.0,26.083333333333332,Zona Da Mata
7038.0,Sericita - MG,2022,-20.492022,-42.458738,925,125.3333347638448,13.166666666666666,26.0,Zona Da Mata
7119.0,Sericita - MG,2023,-20.492022,-42.458738,925,80.00000143051147,13.75,26.916666666666668,Zona Da Mata
28020.0,Serra do Salitre - MG,2019,-19.158965,-46.6545,1160,106.25833404064178,15.25,26.75,Triângulo Mineiro/Alto Paranaíba
34830.0,Serra do Salitre - MG,2020,-19.158965,-46.6545,1160,138.99166824420294,15.0,26.25,Triângulo Mineiro/Alto Paranaíba
25170.0,Serra do Salitre - MG,2021,-19.158965,-46.6545,1160,116.64166549841563,14.75,26.166666666666668,Triângulo Mineiro/Alto Paranaíba
24270.0,Serra do Salitre - MG,2022,-19.158965,-46.6545,1160,143.32499879598618,14.75,26.0,Triângulo Mineiro/Alto Paranaíba
24579.0,Serra do Salitre - MG,2023,-19.158965,-46.6545,1160,127.64166533946991,15.416666666666666,26.916666666666668,Triângulo Mineiro/Alto Paranaíba
5712.0,Serrania - MG,2019,-21.554138,-46.092828,871,112.06666771570842,14.75,28.0,Sul/Sudoeste De Minas
6120.0,Serrania - MG,2020,-21.554138,-46.092828,871,113.43333351612091,14.333333333333334,27.583333333333332,Sul/Sudoeste De Minas
3672.0,Serrania - MG,2021,-21.554138,-46.092828,871,99.75833320617676,13.916666666666666,27.333333333333332,Sul/Sudoeste De Minas
3960.0,Serrania - MG,2022,-21.554138,-46.092828,871,120.98333303133647,14.166666666666666,27.333333333333332,Sul/Sudoeste De Minas
3060.0,Serrania - MG,2023,-21.554138,-46.092828,871,120.40833473205566,15.0,28.166666666666668,Sul/Sudoeste De Minas
10560.0,Simonésia - MG,2019,-19.998659,-41.987318,1048,96.06666620572408,13.083333333333334,26.166666666666668,Zona Da Mata
17271.0,Simonésia - MG,2020,-19.998659,-41.987318,1048,138.54166491826376,12.833333333333334,25.25,Zona Da Mata
10746.0,Simonésia - MG,2021,-19.998659,-41.987318,1048,120.59999920924504,12.416666666666666,25.166666666666668,Zona Da Mata
18630.0,Simonésia - MG,2022,-19.998659,-41.987318,1048,124.82500004768372,12.833333333333334,25.083333333333332,Zona Da Mata
15150.0,Simonésia - MG,2023,-19.998659,-41.987318,1048,81.94166835149129,13.333333333333334,25.75,Zona Da Mata
2649.0,Tiros - MG,2019,-18.859574,-45.824241,872,91.5333326458931,15.833333333333334,28.583333333333332,Triângulo Mineiro/Alto Paranaíba
3698.0,Tiros - MG,2020,-18.859574,-45.824241,872,135.72500002384186,15.5,27.833333333333332,Triângulo Mineiro/Alto Paranaíba
2544.0,Tiros - MG,2021,-18.859574,-45.824241,872,110.74166858196259,15.0,27.5,Triângulo Mineiro/Alto Paranaíba
3730.0,Tiros - MG,2022,-18.859574,-45.824241,872,129.63333268960318,15.166666666666666,27.666666666666668,Triângulo Mineiro/Alto Paranaíba
4907.0,Tiros - MG,2023,-18.859574,-45.824241,872,115.0666659673055,15.833333333333334,28.5,Triângulo Mineiro/Alto Paranaíba
12558.0,Três Corações - MG,2019,-21.686261,-45.204665,923,112.99999896685283,14.166666666666666,27.833333333333332,Sul/Sudoeste De Minas
17850.0,Três Corações - MG,2020,-21.686261,-45.204665,923,130.7333320180575,13.416666666666666,27.416666666666668,Sul/Sudoeste De Minas
12900.0,Três Corações - MG,2021,-21.686261,-45.204665,923,109.5083339214325,13.333333333333334,27.25,Sul/Sudoeste De Minas
9396.0,Três Corações - MG,2022,-21.686261,-45.204665,923,120.44166638453801,13.416666666666666,27.166666666666668,Sul/Sudoeste De Minas
12528.0,Três Corações - MG,2023,-21.686261,-45.204665,923,111.5083327293396,14.416666666666666,27.916666666666668,Sul/Sudoeste De Minas
29232.0,Três Pontas - MG,2019,-21.393615,-45.498247,1005,109.10000173250835,13.75,27.25,Sul/Sudoeste De Minas
42149.0,Três Pontas - MG,2020,-21.393615,-45.498247,1005,128.12500137090683,13.333333333333334,26.833333333333332,Sul/Sudoeste De Minas
22775.0,Três Pontas - MG,2021,-21.393615,-45.498247,1005,109.316668232282,13.083333333333334,26.5,Sul/Sudoeste De Minas
15459.0,Três Pontas - MG,2022,-21.393615,-45.498247,1005,123.20000159740448,13.25,26.666666666666668,Sul/Sudoeste De Minas
29574.0,Três Pontas - MG,2023,-21.393615,-45.498247,1005,115.34166550636292,14.083333333333334,27.333333333333332,Sul/Sudoeste De Minas
5127.0,Ubaporanga - MG,2019,-19.660697,-42.070377,837,90.74166464805603,14.666666666666666,27.166666666666668,Vale Do Rio Doce
5936.0,Ubaporanga - MG,2020,-19.660697,-42.070377,837,134.1250007947286,14.083333333333334,26.5,Vale Do Rio Doce
3986.0,Ubaporanga - MG,2021,-19.660697,-42.070377,837,115.85833358764648,13.833333333333334,26.25,Vale Do Rio Doce
3300.0,Ubaporanga - MG,2022,-19.660697,-42.070377,837,121.52500009536743,14.083333333333334,26.0,Vale Do Rio Doce
4125.0,Ubaporanga - MG,2023,-19.660697,-42.070377,837,79.95833241939545,15.083333333333334,26.666666666666668,Vale Do Rio Doce
10070.0,Unaí - MG,2019,-16.375723,-46.819297,566,81.42500028014183,17.833333333333332,31.25,Noroeste De Minas
8564.0,Unaí - MG,2020,-16.375723,-46.819297,566,110.40000036358833,17.583333333333332,30.5,Noroeste De Minas
9860.0,Unaí - MG,2021,-16.375723,-46.819297,566,112.75000047683716,17.25,30.416666666666668,Noroeste De Minas
9526.0,Unaí - MG,2022,-16.375723,-46.819297,566,98.45000049471855,17.166666666666668,30.333333333333332,Noroeste De Minas
9531.0,Unaí - MG,2023,-16.375723,-46.819297,566,86.92499778668086,17.833333333333332,31.0,Noroeste De Minas
4704.0,Vargem Bonita - MG,2019,-20.43122,-46.336034,1012,108.25000031789143,14.833333333333334,27.166666666666668,Oeste De Minas
4158.0,Vargem Bonita - MG,2020,-20.43122,-46.336034,1012,132.25000101327896,14.25,27.0,Oeste De Minas
3495.0,Vargem Bonita - MG,2021,-20.43122,-46.336034,1012,108.1166650056839,13.833333333333334,26.75,Oeste De Minas
2841.0,Vargem Bonita - MG,2022,-20.43122,-46.336034,1012,133.95833428700766,14.166666666666666,26.5,Oeste De Minas
3495.0,Vargem Bonita - MG,2023,-20.43122,-46.336034,1012,122.14999981721242,14.916666666666666,27.583333333333332,Oeste De Minas
11276.0,Varginha - MG,2019,-21.557495,-45.408932,932,110.77499985694885,14.166666666666666,27.666666666666668,Sul/Sudoeste De Minas
17248.0,Varginha - MG,2020,-21.557495,-45.408932,932,126.63333296775818,13.5,27.333333333333332,Sul/Sudoeste De Minas
8970.0,Varginha - MG,2021,-21.557495,-45.408932,932,107.61666738986969,13.083333333333334,27.166666666666668,Sul/Sudoeste De Minas
7788.0,Varginha - MG,2022,-21.557495,-45.408932,932,120.56666640440623,13.416666666666666,27.0,Sul/Sudoeste De Minas
13828.0,Varginha - MG,2023,-21.557495,-45.408932,932,113.25833257039388,14.333333333333334,27.75,Sul/Sudoeste De Minas
4091.0,Varjão de Minas - MG,2019,-18.466418,-45.935044,803,87.71666564544041,16.416666666666668,29.083333333333332,Noroeste De Minas
4712.0,Varjão de Minas - MG,2020,-18.466418,-45.935044,803,129.3166682521502,16.083333333333332,28.583333333333332,Noroeste De Minas
5347.0,Varjão de Minas - MG,2021,-18.466418,-45.935044,803,110.04166576266289,15.666666666666666,28.416666666666668,Noroeste De Minas
5340.0,Varjão de Minas - MG,2022,-18.466418,-45.935044,803,121.35833299160004,15.833333333333334,28.333333333333332,Noroeste De Minas
5352.0,Varjão de Minas - MG,2023,-18.466418,-45.935044,803,110.02499993642171,16.5,29.25,Noroeste De Minas
2473.0,Vermelho Novo - MG,2019,-20.033949,-42.254213,594,89.6583325068156,14.916666666666666,27.916666666666668,Zona Da Mata
3287.0,Vermelho Novo - MG,2020,-20.033949,-42.254213,594,131.64166768391928,14.75,27.416666666666668,Zona Da Mata
2208.0,Vermelho Novo - MG,2021,-20.033949,-42.254213,594,113.64999856551488,14.25,27.166666666666668,Zona Da Mata
2150.0,Vermelho Novo - MG,2022,-20.033949,-42.254213,594,119.96666590372722,14.5,27.083333333333332,Zona Da Mata
3360.0,Vermelho Novo - MG,2023,-20.033949,-42.254213,594,77.44166779518127,15.166666666666666,27.666666666666668,Zona Da Mata
